tree	path	start_codepoint	end_codepoint	line	receiver	variant	role	disposition	declaration_path	declaration_line	enum	resolution	review	evidence	source_sha256
0f5b4f634bfefb7ad3e8e1494ce2995ae52df976	demos/05-concurrency/channels.xr	381	394	17	Recv	Value	pattern-direct	ACCEPT	stdlib/types/channel.xr	4	Recv	builtin-symbol	reviewed	payload declaration stdlib/types/channel.xr:4	78804a8dd69390e491f49c05a5b08e146f6fda37898bced2f45d6719896a1289
0f5b4f634bfefb7ad3e8e1494ce2995ae52df976	demos/05-concurrency/channels.xr	487	500	21	Recv	Value	pattern-direct	ACCEPT	stdlib/types/channel.xr	4	Recv	builtin-symbol	reviewed	payload declaration stdlib/types/channel.xr:4	78804a8dd69390e491f49c05a5b08e146f6fda37898bced2f45d6719896a1289
0f5b4f634bfefb7ad3e8e1494ce2995ae52df976	demos/05-concurrency/channels.xr	593	606	25	Recv	Value	pattern-direct	ACCEPT	stdlib/types/channel.xr	4	Recv	builtin-symbol	reviewed	payload declaration stdlib/types/channel.xr:4	78804a8dd69390e491f49c05a5b08e146f6fda37898bced2f45d6719896a1289
0f5b4f634bfefb7ad3e8e1494ce2995ae52df976	demos/05-concurrency/channels.xr	971	986	43	Recv	Value	pattern-direct	ACCEPT	stdlib/types/channel.xr	4	Recv	builtin-symbol	reviewed	payload declaration stdlib/types/channel.xr:4	57e0e8785393332530d5f4a12eb2143cab093f6c761eeeafb2a6d9e9c28b0ebf
0f5b4f634bfefb7ad3e8e1494ce2995ae52df976	demos/05-concurrency/channels.xr	1340	1355	59	Recv	Value	pattern-direct	ACCEPT	stdlib/types/channel.xr	4	Recv	builtin-symbol	reviewed	payload declaration stdlib/types/channel.xr:4	082837efe13f59c5731b055573306ecd04dbfe506f542de0b4b4492897e33d42
0f5b4f634bfefb7ad3e8e1494ce2995ae52df976	demos/05-concurrency/channels.xr	1791	1806	84	Recv	Value	pattern-direct	ACCEPT	stdlib/types/channel.xr	4	Recv	builtin-symbol	reviewed	payload declaration stdlib/types/channel.xr:4	57e0e8785393332530d5f4a12eb2143cab093f6c761eeeafb2a6d9e9c28b0ebf
0f5b4f634bfefb7ad3e8e1494ce2995ae52df976	demos/05-concurrency/channels.xr	2016	2031	91	Recv	Value	pattern-direct	ACCEPT	stdlib/types/channel.xr	4	Recv	builtin-symbol	reviewed	payload declaration stdlib/types/channel.xr:4	57e0e8785393332530d5f4a12eb2143cab093f6c761eeeafb2a6d9e9c28b0ebf
0f5b4f634bfefb7ad3e8e1494ce2995ae52df976	demos/05-concurrency/select_and_scope.xr	1737	1750	77	Recv	Value	pattern-direct	ACCEPT	stdlib/types/channel.xr	4	Recv	builtin-symbol	reviewed	payload declaration stdlib/types/channel.xr:4	f79bd4b7469029072aa79e36e9fa767e28d7b885a83759aa569d7c4cbc227904
0f5b4f634bfefb7ad3e8e1494ce2995ae52df976	demos/05-concurrency/shared_data.xr	916	929	38	Recv	Value	pattern-direct	ACCEPT	stdlib/types/channel.xr	4	Recv	builtin-symbol	reviewed	payload declaration stdlib/types/channel.xr:4	78804a8dd69390e491f49c05a5b08e146f6fda37898bced2f45d6719896a1289
0f5b4f634bfefb7ad3e8e1494ce2995ae52df976	demos/07-advanced/testing.xr	906	940	50	TestErr	Expected	constructor	ACCEPT	demos/07-advanced/testing.xr	8	TestErr	same-module	reviewed	payload declaration demos/07-advanced/testing.xr:8	8781277ee4a558f66946d37ccc8992d4d37cdbf9c39f7272c86fe3c95c4bc862
0f5b4f634bfefb7ad3e8e1494ce2995ae52df976	stdlib/base64/base64.xr	6454	6487	191	Base64Error	InvalidLength	constructor	ACCEPT	stdlib/base64/base64.xr	18	Base64Error	same-module	reviewed	payload declaration stdlib/base64/base64.xr:18	d6c71ba39075504a83de16a4cd4d9c9467af442e9e1541b98314a3b03fcd3fe5
0f5b4f634bfefb7ad3e8e1494ce2995ae52df976	stdlib/base64/base64.xr	6519	6558	192	Base64Error	InvalidByte	constructor	ACCEPT	stdlib/base64/base64.xr	19	Base64Error	same-module	reviewed	payload declaration stdlib/base64/base64.xr:19	a41bbab547783dadf8a6f757babdb20b54a45983b7546eb9206117c1be0640c3
0f5b4f634bfefb7ad3e8e1494ce2995ae52df976	stdlib/base64/base64.xr	6590	6624	193	Base64Error	InvalidPadding	constructor	ACCEPT	stdlib/base64/base64.xr	20	Base64Error	same-module	reviewed	payload declaration stdlib/base64/base64.xr:20	43c1016e40a8a62ad9787828458c3c90360172435e34870ca757421c31d43492
0f5b4f634bfefb7ad3e8e1494ce2995ae52df976	stdlib/base64/base64.xr	6656	6700	194	Base64Error	NonCanonicalTrailingBits	constructor	ACCEPT	stdlib/base64/base64.xr	21	Base64Error	same-module	reviewed	payload declaration stdlib/base64/base64.xr:21	047cf38620e66826a29a96ee20803aedb41141ff6f3afa3fa8fef9f848b2464b
0f5b4f634bfefb7ad3e8e1494ce2995ae52df976	stdlib/cluster/cluster.xr	6753	6783	182	AddressError	MissingPort	constructor	ACCEPT	stdlib/cluster/cluster.xr	116	AddressError	same-module	reviewed	payload declaration stdlib/cluster/cluster.xr:116	8260f5a1100855e8951063c704860552e2e0b3f5e04a3e7acbbcce41d52895fb
0f5b4f634bfefb7ad3e8e1494ce2995ae52df976	stdlib/cluster/cluster.xr	6967	7000	186	AddressError	InvalidHost	constructor	ACCEPT	stdlib/cluster/cluster.xr	117	AddressError	same-module	reviewed	payload declaration stdlib/cluster/cluster.xr:117	0cc55911713424e0ac2eb2434d4e77fd222a29875c6482785f2d3009873aca4d
0f5b4f634bfefb7ad3e8e1494ce2995ae52df976	stdlib/cluster/cluster.xr	7109	7142	190	AddressError	InvalidPort	constructor	ACCEPT	stdlib/cluster/cluster.xr	118	AddressError	same-module	reviewed	payload declaration stdlib/cluster/cluster.xr:118	7743e718b981d84db5f728ad962cf546e6ae6e1a51561decc395d5db3688194e
0f5b4f634bfefb7ad3e8e1494ce2995ae52df976	stdlib/csv/csv.xr	1721	1744	78	CsvDelimiter	Exact	constructor	ACCEPT	stdlib/csv/csv.xr	9	CsvDelimiter	same-module	reviewed	payload declaration stdlib/csv/csv.xr:9	907276a0e304707d6118b15fad7d2734a8b35b53cedaf66d527db953e5ba1e28
0f5b4f634bfefb7ad3e8e1494ce2995ae52df976	stdlib/csv/csv.xr	4083	4158	171	CsvError	InvalidOption	constructor	ACCEPT	stdlib/csv/csv.xr	45	CsvError	same-module	reviewed	payload declaration stdlib/csv/csv.xr:45	86ac5ffc3d00aa2fbeb9a012e69d6a7221e9627669bcf745e29db46b1892ff05
0f5b4f634bfefb7ad3e8e1494ce2995ae52df976	stdlib/csv/csv.xr	4285	4346	177	CsvError	InvalidOption	constructor	ACCEPT	stdlib/csv/csv.xr	45	CsvError	same-module	reviewed	payload declaration stdlib/csv/csv.xr:45	48c95fca0f62e0a16b83b37f916eb05e4399d262004b05a50c23355f6f04b3de
0f5b4f634bfefb7ad3e8e1494ce2995ae52df976	stdlib/csv/csv.xr	4406	4459	180	CsvError	InvalidOption	constructor	ACCEPT	stdlib/csv/csv.xr	45	CsvError	same-module	reviewed	payload declaration stdlib/csv/csv.xr:45	61d652da40107ff8f5684b8818eac7821a59911f5d605d4336d4bf08b378b315
0f5b4f634bfefb7ad3e8e1494ce2995ae52df976	stdlib/csv/csv.xr	5957	5982	234	CsvDelimiter	Exact	pattern-direct	ACCEPT	stdlib/csv/csv.xr	9	CsvDelimiter	same-module	reviewed	payload declaration stdlib/csv/csv.xr:9	d0203841d9d308de6262a3b62bd51456d6abe9b165fbfd6d79bd0a363b614c5b
0f5b4f634bfefb7ad3e8e1494ce2995ae52df976	stdlib/csv/csv.xr	6154	6215	238	CsvError	InvalidOption	constructor	ACCEPT	stdlib/csv/csv.xr	45	CsvError	same-module	reviewed	payload declaration stdlib/csv/csv.xr:45	48c95fca0f62e0a16b83b37f916eb05e4399d262004b05a50c23355f6f04b3de
0f5b4f634bfefb7ad3e8e1494ce2995ae52df976	stdlib/csv/csv.xr	6374	6400	246	CsvHeader	Explicit	pattern-direct	ACCEPT	stdlib/csv/csv.xr	16	CsvHeader	same-module	reviewed	payload declaration stdlib/csv/csv.xr:16	655e95c04215b052b9f00f02a33fb5134139573c155cd9400b00dce9858adaad
0f5b4f634bfefb7ad3e8e1494ce2995ae52df976	stdlib/csv/csv.xr	7191	7241	275	CsvError	FieldLimitExceeded	constructor	ACCEPT	stdlib/csv/csv.xr	47	CsvError	same-module	reviewed	payload declaration stdlib/csv/csv.xr:47	22a6d23f2850be7607f55f75b04ec69de1e6d379b39f123dd0093ba355967e81
0f5b4f634bfefb7ad3e8e1494ce2995ae52df976	stdlib/csv/csv.xr	8156	8204	303	CsvError	ColumnLimitExceeded	constructor	ACCEPT	stdlib/csv/csv.xr	48	CsvError	same-module	reviewed	payload declaration stdlib/csv/csv.xr:48	e1a896c47766e4d01d7215c201165cb837143aef2d4554d4cb0d0e46bef8ec85
0f5b4f634bfefb7ad3e8e1494ce2995ae52df976	stdlib/csv/csv.xr	10885	10935	396	CsvError	InputLimitExceeded	constructor	ACCEPT	stdlib/csv/csv.xr	46	CsvError	same-module	reviewed	payload declaration stdlib/csv/csv.xr:46	a67d2645c8d95af203928fc6ae77502049c8c5cb88bfdc384ff2e0f86cc091d2
0f5b4f634bfefb7ad3e8e1494ce2995ae52df976	stdlib/csv/csv.xr	16270	16428	530	CsvError	UnterminatedQuote	constructor	ACCEPT	stdlib/csv/csv.xr	49	CsvError	same-module	reviewed	payload declaration stdlib/csv/csv.xr:49	f8b563ca34df4adb837c19c332f766d725a82ca018f9ef3fc90f1a78e91671ed
0f5b4f634bfefb7ad3e8e1494ce2995ae52df976	stdlib/csv/csv.xr	16506	16660	536	CsvError	InvalidEscape	constructor	ACCEPT	stdlib/csv/csv.xr	50	CsvError	same-module	reviewed	payload declaration stdlib/csv/csv.xr:50	156cd7062d3117cc8b03115ce868d5e2fc2361bb26f7e71572eeaceab073a9c0
0f5b4f634bfefb7ad3e8e1494ce2995ae52df976	stdlib/csv/csv.xr	16677	16824	541	CsvError	FieldCountMismatch	constructor	ACCEPT	stdlib/csv/csv.xr	51	CsvError	same-module	reviewed	payload declaration stdlib/csv/csv.xr:51	aa3733e5109aacaaa41590191a22f78e0d51ec9e34f4da6e5dcca92fc412ee62
0f5b4f634bfefb7ad3e8e1494ce2995ae52df976	stdlib/encoding/encoding.xr	1219	1240	39	HexError	OddLength	constructor	ACCEPT	stdlib/encoding/encoding.xr	12	HexError	same-module	reviewed	payload declaration stdlib/encoding/encoding.xr:12	ab6e781d041a76f73d924b3e22b8fa8edc299e626f811e6802a4b023037b5cbd
0f5b4f634bfefb7ad3e8e1494ce2995ae52df976	stdlib/encoding/encoding.xr	1391	1423	45	HexError	InvalidDigit	constructor	ACCEPT	stdlib/encoding/encoding.xr	13	HexError	same-module	reviewed	payload declaration stdlib/encoding/encoding.xr:13	1c8796ffde65ac9379d7d362867b0f2f98e46644a2740e518d30d1ae27fe4336
0f5b4f634bfefb7ad3e8e1494ce2995ae52df976	stdlib/encoding/encoding.xr	1498	1538	47	HexError	InvalidDigit	constructor	ACCEPT	stdlib/encoding/encoding.xr	13	HexError	same-module	reviewed	payload declaration stdlib/encoding/encoding.xr:13	1b1bcf0fa94c5e3fffb5c9c70c099becf6899a8769946d85eb524b9666489ef3
0f5b4f634bfefb7ad3e8e1494ce2995ae52df976	stdlib/encoding/encoding.xr	7569	7596	235	Utf16Error	OddByteLength	constructor	ACCEPT	stdlib/encoding/encoding.xr	127	Utf16Error	same-module	reviewed	payload declaration stdlib/encoding/encoding.xr:127	4682cb709ded351e77d7b88d096b8a66f7c5a06dbe531a9af8f7a4aa46a9d270
0f5b4f634bfefb7ad3e8e1494ce2995ae52df976	stdlib/encoding/encoding.xr	8283	8331	260	Utf16Error	UnexpectedLowSurrogate	constructor	ACCEPT	stdlib/encoding/encoding.xr	128	Utf16Error	same-module	reviewed	payload declaration stdlib/encoding/encoding.xr:128	3663f43cf9fc120197b8703ce027b2432b0354f07079d089066f3b7a1e577954
0f5b4f634bfefb7ad3e8e1494ce2995ae52df976	stdlib/encoding/encoding.xr	8420	8465	263	Utf16Error	MissingLowSurrogate	constructor	ACCEPT	stdlib/encoding/encoding.xr	129	Utf16Error	same-module	reviewed	payload declaration stdlib/encoding/encoding.xr:129	c4c5afe5da7e62b800aef8ba09328c02d70806224ef2ded5b2d41b00bc3994cf
0f5b4f634bfefb7ad3e8e1494ce2995ae52df976	stdlib/encoding/encoding.xr	8716	8753	270	Utf16Error	InvalidLowSurrogate	constructor	ACCEPT	stdlib/encoding/encoding.xr	130	Utf16Error	same-module	reviewed	payload declaration stdlib/encoding/encoding.xr:130	ba16096fc89d341b16e22e602606d16ff2dd1dfbc36fa3c8744009c728ee1e27
0f5b4f634bfefb7ad3e8e1494ce2995ae52df976	stdlib/http/http.xr	41095	41125	1266	HttpError	InvalidMethod	constructor	ACCEPT	stdlib/http/http.xr	1244	HttpError	same-module	reviewed	payload declaration stdlib/http/http.xr:1244	55aa208846df15723c38a4d0ec0d9d2f69479e6dc96c5dacbf933b2aa22ec11b
0f5b4f634bfefb7ad3e8e1494ce2995ae52df976	stdlib/http/http.xr	42390	42423	1304	HttpError	InvalidHeaderName	constructor	ACCEPT	stdlib/http/http.xr	1242	HttpError	same-module	reviewed	payload declaration stdlib/http/http.xr:1242	93f63164ae35ef21f2efdb107b8e449434c08b5fc0a8f7bd570800a068221923
0f5b4f634bfefb7ad3e8e1494ce2995ae52df976	stdlib/http/http.xr	42473	42508	1305	HttpError	InvalidHeaderValue	constructor	ACCEPT	stdlib/http/http.xr	1243	HttpError	same-module	reviewed	payload declaration stdlib/http/http.xr:1243	14250b63d1a8da5939d78c365a34f828069ed6309431d66ae93d05b2706b7424
0f5b4f634bfefb7ad3e8e1494ce2995ae52df976	stdlib/http/http.xr	42664	42697	1311	HttpError	InvalidHeaderName	constructor	ACCEPT	stdlib/http/http.xr	1242	HttpError	same-module	reviewed	payload declaration stdlib/http/http.xr:1242	93f63164ae35ef21f2efdb107b8e449434c08b5fc0a8f7bd570800a068221923
0f5b4f634bfefb7ad3e8e1494ce2995ae52df976	stdlib/http/http.xr	42747	42782	1312	HttpError	InvalidHeaderValue	constructor	ACCEPT	stdlib/http/http.xr	1243	HttpError	same-module	reviewed	payload declaration stdlib/http/http.xr:1243	14250b63d1a8da5939d78c365a34f828069ed6309431d66ae93d05b2706b7424
0f5b4f634bfefb7ad3e8e1494ce2995ae52df976	stdlib/http/http.xr	67185	67237	2111	HttpError	ConnectionFailed	constructor	ACCEPT	stdlib/http/http.xr	1246	HttpError	same-module	reviewed	payload declaration stdlib/http/http.xr:1246	8ba42deae808d0e57dfb2694d4457c69692fa70d42e15bd31f609c02781f5eec
0f5b4f634bfefb7ad3e8e1494ce2995ae52df976	stdlib/http/http.xr	67695	67742	2128	HttpError	ProtocolError	constructor	ACCEPT	stdlib/http/http.xr	1247	HttpError	same-module	reviewed	payload declaration stdlib/http/http.xr:1247	520be16cb89a7e765a0d47d7da333c8f1038de55b68d85dec05e9d1773f1ff35
0f5b4f634bfefb7ad3e8e1494ce2995ae52df976	stdlib/http/http.xr	68164	68207	2143	HttpError	ProtocolError	constructor	ACCEPT	stdlib/http/http.xr	1247	HttpError	same-module	reviewed	payload declaration stdlib/http/http.xr:1247	c9b51ce85b187b750a5a5fd7986049c0d38b8f545db179c93c850e47311aac95
0f5b4f634bfefb7ad3e8e1494ce2995ae52df976	stdlib/http/http.xr	68633	68680	2156	HttpError	UnsupportedVersion	constructor	ACCEPT	stdlib/http/http.xr	1249	HttpError	same-module	reviewed	payload declaration stdlib/http/http.xr:1249	086191395e671c5e5c369b17588ad2b290741788edc272bd5b58306d58cddbf4
0f5b4f634bfefb7ad3e8e1494ce2995ae52df976	stdlib/http/http.xr	68721	68769	2158	HttpError	ProtocolError	constructor	ACCEPT	stdlib/http/http.xr	1247	HttpError	same-module	reviewed	payload declaration stdlib/http/http.xr:1247	bd4d22072ba99a5c730bc50f495e06e33c7f39b21ed68e8e1f4fd6606f6728c3
0f5b4f634bfefb7ad3e8e1494ce2995ae52df976	stdlib/http/http.xr	70288	70320	2202	Http2Error	ProtocolError	pattern-direct	ACCEPT	stdlib/http2/http2.xr	107	Http2Error	import->module-export	reviewed	payload declaration stdlib/http2/http2.xr:107	ab77164369d3ed5410b4ddda338d518fb7bd51cdcfafff3a778813b1b4f0819e
0f5b4f634bfefb7ad3e8e1494ce2995ae52df976	stdlib/http/http.xr	70333	70364	2202	HttpError	ProtocolError	constructor	ACCEPT	stdlib/http/http.xr	1247	HttpError	same-module	reviewed	payload declaration stdlib/http/http.xr:1247	7307d672ac736e4c27bed5c92c0a1bb5ae3f0014ce854b0d2d744d290405a32d
0f5b4f634bfefb7ad3e8e1494ce2995ae52df976	stdlib/http/http.xr	70375	70406	2203	Http2Error	FramingError	pattern-direct	ACCEPT	stdlib/http2/http2.xr	112	Http2Error	import->module-export	reviewed	payload declaration stdlib/http2/http2.xr:112	cf5b6c4903470224c2b362459d1d691e7d8f3988672f63b387aab1a2ed5d4d5b
0f5b4f634bfefb7ad3e8e1494ce2995ae52df976	stdlib/http/http.xr	70419	70450	2203	HttpError	ProtocolError	constructor	ACCEPT	stdlib/http/http.xr	1247	HttpError	same-module	reviewed	payload declaration stdlib/http/http.xr:1247	7307d672ac736e4c27bed5c92c0a1bb5ae3f0014ce854b0d2d744d290405a32d
0f5b4f634bfefb7ad3e8e1494ce2995ae52df976	stdlib/http/http.xr	70461	70496	2204	Http2Error	CompressionError	pattern-direct	ACCEPT	stdlib/http2/http2.xr	115	Http2Error	import->module-export	reviewed	payload declaration stdlib/http2/http2.xr:115	31e3a16681235bdbceb2b7ebc0a8186692d0debb1506376d150372be2c140b70
0f5b4f634bfefb7ad3e8e1494ce2995ae52df976	stdlib/http/http.xr	70509	70540	2204	HttpError	ProtocolError	constructor	ACCEPT	stdlib/http/http.xr	1247	HttpError	same-module	reviewed	payload declaration stdlib/http/http.xr:1247	7307d672ac736e4c27bed5c92c0a1bb5ae3f0014ce854b0d2d744d290405a32d
0f5b4f634bfefb7ad3e8e1494ce2995ae52df976	stdlib/http/http.xr	70551	70586	2205	Http2Error	ConnectionFailed	pattern-direct	ACCEPT	stdlib/http2/http2.xr	110	Http2Error	import->module-export	reviewed	payload declaration stdlib/http2/http2.xr:110	2924bbff4f0b09c08ed1610a0e836a718cad8cf9e45ae5987c3251020952b81e
0f5b4f634bfefb7ad3e8e1494ce2995ae52df976	stdlib/http/http.xr	70599	70633	2205	HttpError	ConnectionFailed	constructor	ACCEPT	stdlib/http/http.xr	1246	HttpError	same-module	reviewed	payload declaration stdlib/http/http.xr:1246	02b96d234544d3d1330887516fe0d84f38f50f591d68b7528b434dc2af2aa998
0f5b4f634bfefb7ad3e8e1494ce2995ae52df976	stdlib/http/http.xr	70682	70729	2206	HttpError	UnsupportedVersion	constructor	ACCEPT	stdlib/http/http.xr	1249	HttpError	same-module	reviewed	payload declaration stdlib/http/http.xr:1249	086191395e671c5e5c369b17588ad2b290741788edc272bd5b58306d58cddbf4
0f5b4f634bfefb7ad3e8e1494ce2995ae52df976	stdlib/http/http.xr	70892	70925	2213	HttpError	InvalidUrl	constructor	ACCEPT	stdlib/http/http.xr	1245	HttpError	same-module	reviewed	payload declaration stdlib/http/http.xr:1245	cd5fa7a0f389b3d46f8fa4630aed76b4d3f395badc9e76b6a945d7c438ce09bb
0f5b4f634bfefb7ad3e8e1494ce2995ae52df976	stdlib/http/http.xr	72125	72156	2240	HttpError	InvalidUrl	constructor	ACCEPT	stdlib/http/http.xr	1245	HttpError	same-module	reviewed	payload declaration stdlib/http/http.xr:1245	d06ae37b62a72467ae124e4571000064abffbaa6abce7e4c7c3492e2d9a763b9
0f5b4f634bfefb7ad3e8e1494ce2995ae52df976	stdlib/http/http.xr	72383	72416	2248	HttpError	InvalidUrl	constructor	ACCEPT	stdlib/http/http.xr	1245	HttpError	same-module	reviewed	payload declaration stdlib/http/http.xr:1245	cd5fa7a0f389b3d46f8fa4630aed76b4d3f395badc9e76b6a945d7c438ce09bb
0f5b4f634bfefb7ad3e8e1494ce2995ae52df976	stdlib/http2/http2.xr	8725	8785	216	Http2Error	ProtocolError	constructor	ACCEPT	stdlib/http2/http2.xr	107	Http2Error	same-module	reviewed	payload declaration stdlib/http2/http2.xr:107	5f2dabf910daf60a6549127f35d37d0bd127898ab1f06b01d160bb575f928fa1
0f5b4f634bfefb7ad3e8e1494ce2995ae52df976	stdlib/http2/http2.xr	8843	8911	219	Http2Error	ProtocolError	constructor	ACCEPT	stdlib/http2/http2.xr	107	Http2Error	same-module	reviewed	payload declaration stdlib/http2/http2.xr:107	e31016dff07a8772a5f30aee9a5c7aeb22159f21db72adca03283b654b255ee7
0f5b4f634bfefb7ad3e8e1494ce2995ae52df976	stdlib/http2/http2.xr	8976	9042	222	Http2Error	ProtocolError	constructor	ACCEPT	stdlib/http2/http2.xr	107	Http2Error	same-module	reviewed	payload declaration stdlib/http2/http2.xr:107	1b18044a53a7f48eee1b0f3cb7b3b7816a2c2cae0265b9785e07593b903a25e9
0f5b4f634bfefb7ad3e8e1494ce2995ae52df976	stdlib/http2/http2.xr	9153	9213	226	Http2Error	ProtocolError	constructor	ACCEPT	stdlib/http2/http2.xr	107	Http2Error	same-module	reviewed	payload declaration stdlib/http2/http2.xr:107	c50c16ecef50c8dd5b8c052d1575c743b0508f8f96f7d28b89ca073c390f3a52
0f5b4f634bfefb7ad3e8e1494ce2995ae52df976	stdlib/http2/http2.xr	9287	9352	229	Http2Error	ProtocolError	constructor	ACCEPT	stdlib/http2/http2.xr	107	Http2Error	same-module	reviewed	payload declaration stdlib/http2/http2.xr:107	417e79064a2b4198c5b562c35c5dd569de9c8cd99a174f058c6ddf6d195eef54
0f5b4f634bfefb7ad3e8e1494ce2995ae52df976	stdlib/http2/http2.xr	9473	9539	233	Http2Error	ProtocolError	constructor	ACCEPT	stdlib/http2/http2.xr	107	Http2Error	same-module	reviewed	payload declaration stdlib/http2/http2.xr:107	891fcfbf7ac0ba21650ff58806f898c7ae3ee013146668b0e57d8a28bbb1a200
0f5b4f634bfefb7ad3e8e1494ce2995ae52df976	stdlib/http2/http2.xr	33490	33561	835	Http2Error	FramingError	constructor	ACCEPT	stdlib/http2/http2.xr	112	Http2Error	same-module	reviewed	payload declaration stdlib/http2/http2.xr:112	0b6f08a6d568514349d36fbb075a45e7d26b717e3c35a92a9d68424faf2547aa
0f5b4f634bfefb7ad3e8e1494ce2995ae52df976	stdlib/http2/http2.xr	42411	42460	1085	Http2Error	ProtocolError	constructor	ACCEPT	stdlib/http2/http2.xr	107	Http2Error	same-module	reviewed	payload declaration stdlib/http2/http2.xr:107	54044408ab0cdef0750e06b202f774b44720ae2d5bc6faa5ddaef3ffbce11f1b
0f5b4f634bfefb7ad3e8e1494ce2995ae52df976	stdlib/http2/http2.xr	42601	42650	1091	Http2Error	ProtocolError	constructor	ACCEPT	stdlib/http2/http2.xr	107	Http2Error	same-module	reviewed	payload declaration stdlib/http2/http2.xr:107	54044408ab0cdef0750e06b202f774b44720ae2d5bc6faa5ddaef3ffbce11f1b
0f5b4f634bfefb7ad3e8e1494ce2995ae52df976	stdlib/http2/http2.xr	42753	42802	1096	Http2Error	ProtocolError	constructor	ACCEPT	stdlib/http2/http2.xr	107	Http2Error	same-module	reviewed	payload declaration stdlib/http2/http2.xr:107	54044408ab0cdef0750e06b202f774b44720ae2d5bc6faa5ddaef3ffbce11f1b
0f5b4f634bfefb7ad3e8e1494ce2995ae52df976	stdlib/http2/http2.xr	43406	43459	1115	Http2Error	ProtocolError	constructor	ACCEPT	stdlib/http2/http2.xr	107	Http2Error	same-module	reviewed	payload declaration stdlib/http2/http2.xr:107	0e3d17bb2ee1d22a61e153ece489c13eab03d1a4accde3930f0839e916228aa4
0f5b4f634bfefb7ad3e8e1494ce2995ae52df976	stdlib/http2/http2.xr	43569	43634	1119	Http2Error	ProtocolError	constructor	ACCEPT	stdlib/http2/http2.xr	107	Http2Error	same-module	reviewed	payload declaration stdlib/http2/http2.xr:107	77c6f4c9af1c7f0dbd90558577bf090735e369b3ae65923945faa2bdc5074850
0f5b4f634bfefb7ad3e8e1494ce2995ae52df976	stdlib/http2/http2.xr	43984	44040	1131	Http2Error	ProtocolError	constructor	ACCEPT	stdlib/http2/http2.xr	107	Http2Error	same-module	reviewed	payload declaration stdlib/http2/http2.xr:107	a7398f764aacef74f79ef61005989c13179fb1a430304570e51e63636016bc85
0f5b4f634bfefb7ad3e8e1494ce2995ae52df976	stdlib/http2/http2.xr	44172	44235	1135	Http2Error	ProtocolError	constructor	ACCEPT	stdlib/http2/http2.xr	107	Http2Error	same-module	reviewed	payload declaration stdlib/http2/http2.xr:107	e68c3c006dc0c3623b6837a5748e8470edb6900fccff49e2e26172601b639765
0f5b4f634bfefb7ad3e8e1494ce2995ae52df976	stdlib/http2/http2.xr	44486	44547	1144	Http2Error	ProtocolError	constructor	ACCEPT	stdlib/http2/http2.xr	107	Http2Error	same-module	reviewed	payload declaration stdlib/http2/http2.xr:107	dc25286b625585b601c9fe3c3bc473614b6eec9f833c8cf4c1ca0a56a37af4ea
0f5b4f634bfefb7ad3e8e1494ce2995ae52df976	stdlib/http2/http2.xr	44711	44766	1149	Http2Error	ProtocolError	constructor	ACCEPT	stdlib/http2/http2.xr	107	Http2Error	same-module	reviewed	payload declaration stdlib/http2/http2.xr:107	941096563493c2ffd126125fa97c4e645b27b5ee13d23f608ec8f975f9cc07a2
0f5b4f634bfefb7ad3e8e1494ce2995ae52df976	stdlib/http2/http2.xr	45122	45173	1161	Http2Error	ProtocolError	constructor	ACCEPT	stdlib/http2/http2.xr	107	Http2Error	same-module	reviewed	payload declaration stdlib/http2/http2.xr:107	b93de43793dffe4d8b3f9aa9df503d66cb8486c0cc1ee3ccbb22d9ae0b6a543f
0f5b4f634bfefb7ad3e8e1494ce2995ae52df976	stdlib/http2/http2.xr	50220	50298	1294	Http2Error	ProtocolError	constructor	ACCEPT	stdlib/http2/http2.xr	107	Http2Error	same-module	reviewed	payload declaration stdlib/http2/http2.xr:107	37c791ada9a0c9fc824f970d2fc1364bee13eb559cd39eeacf8c2433917a439d
0f5b4f634bfefb7ad3e8e1494ce2995ae52df976	stdlib/http2/http2.xr	52975	53024	1351	Http2Error	FramingError	constructor	ACCEPT	stdlib/http2/http2.xr	112	Http2Error	same-module	reviewed	payload declaration stdlib/http2/http2.xr:112	189971531288b0503b08684becca5ff1f83dbd521685720161b1e14355ae2d57
0f5b4f634bfefb7ad3e8e1494ce2995ae52df976	stdlib/http2/http2.xr	53434	53502	1359	Http2Error	FramingError	constructor	ACCEPT	stdlib/http2/http2.xr	112	Http2Error	same-module	reviewed	payload declaration stdlib/http2/http2.xr:112	448e2622b7a270eb5976517e6ad763b638229542517be29e2d762b859a6a7c5a
0f5b4f634bfefb7ad3e8e1494ce2995ae52df976	stdlib/http2/http2.xr	53781	53835	1367	Http2Error	FramingError	constructor	ACCEPT	stdlib/http2/http2.xr	112	Http2Error	same-module	reviewed	payload declaration stdlib/http2/http2.xr:112	f5360f37d2449d57f60414a209f121d6491472ae72719b1eca4c927018ee6f98
0f5b4f634bfefb7ad3e8e1494ce2995ae52df976	stdlib/http2/http2.xr	54206	54263	1378	Http2Error	FramingError	constructor	ACCEPT	stdlib/http2/http2.xr	112	Http2Error	same-module	reviewed	payload declaration stdlib/http2/http2.xr:112	472da866479af5bdb4d95ead4ae91b0176b177654d86c967d66a7e24f0a32f4b
0f5b4f634bfefb7ad3e8e1494ce2995ae52df976	stdlib/http2/http2.xr	54392	54452	1383	Http2Error	FramingError	constructor	ACCEPT	stdlib/http2/http2.xr	112	Http2Error	same-module	reviewed	payload declaration stdlib/http2/http2.xr:112	bd21bba1457ba2fdec59350912c345a429fe565a941eca66f44c161651b40bff
0f5b4f634bfefb7ad3e8e1494ce2995ae52df976	stdlib/http2/http2.xr	54906	54959	1395	Http2Error	FramingError	constructor	ACCEPT	stdlib/http2/http2.xr	112	Http2Error	same-module	reviewed	payload declaration stdlib/http2/http2.xr:112	a782db6109d69788c9f88e36f028d58ad43d69ac09795b7f653fd3687514432a
0f5b4f634bfefb7ad3e8e1494ce2995ae52df976	stdlib/http2/http2.xr	55339	55403	1406	Http2Error	FramingError	constructor	ACCEPT	stdlib/http2/http2.xr	112	Http2Error	same-module	reviewed	payload declaration stdlib/http2/http2.xr:112	622d4d2dc46de2cfdc332b66988890a6b1ebdb4e790004ee8bfdbb8a40c5c7bb
0f5b4f634bfefb7ad3e8e1494ce2995ae52df976	stdlib/http2/http2.xr	55779	55850	1414	Http2Error	CompressionError	constructor	ACCEPT	stdlib/http2/http2.xr	115	Http2Error	same-module	reviewed	payload declaration stdlib/http2/http2.xr:115	a408bf2eef3f39991f7969699f6b101c22a917f9b691bf4d7a704b21733a8486
0f5b4f634bfefb7ad3e8e1494ce2995ae52df976	stdlib/http2/http2.xr	56474	56540	1428	Http2Error	ProtocolError	constructor	ACCEPT	stdlib/http2/http2.xr	107	Http2Error	same-module	reviewed	payload declaration stdlib/http2/http2.xr:107	ca3c05af9b2a25e23ac811b8813c9309a580c1bff08f95e3789245569efbb9cf
0f5b4f634bfefb7ad3e8e1494ce2995ae52df976	stdlib/http2/http2.xr	59429	59497	1496	Http2Error	FramingError	constructor	ACCEPT	stdlib/http2/http2.xr	112	Http2Error	same-module	reviewed	payload declaration stdlib/http2/http2.xr:112	f87c56302ad9e6b656a383a5890a634134a946b9e614c7c6dfe37efde446e6bb
0f5b4f634bfefb7ad3e8e1494ce2995ae52df976	stdlib/http2/http2.xr	59873	59928	1505	Http2Error	FramingError	constructor	ACCEPT	stdlib/http2/http2.xr	112	Http2Error	same-module	reviewed	payload declaration stdlib/http2/http2.xr:112	0148298401a7b9e8de9723cb44d7fee0f0f3b7af049a8ce623268451d05bfb9e
0f5b4f634bfefb7ad3e8e1494ce2995ae52df976	stdlib/http2/http2.xr	60222	60273	1513	Http2Error	FramingError	constructor	ACCEPT	stdlib/http2/http2.xr	112	Http2Error	same-module	reviewed	payload declaration stdlib/http2/http2.xr:112	1e2b70b49a08e83f2ece99040e006555105a24c934591ce12c292fbc6c9a10f2
0f5b4f634bfefb7ad3e8e1494ce2995ae52df976	stdlib/http2/http2.xr	61079	61136	1533	Http2Error	ProtocolError	constructor	ACCEPT	stdlib/http2/http2.xr	107	Http2Error	same-module	reviewed	payload declaration stdlib/http2/http2.xr:107	ca2f919ec2237e2d1eab0766dbe763d607c10e2847c6d29472f81aca05409f38
0f5b4f634bfefb7ad3e8e1494ce2995ae52df976	stdlib/http2/http2.xr	61306	61374	1537	Http2Error	ProtocolError	constructor	ACCEPT	stdlib/http2/http2.xr	107	Http2Error	same-module	reviewed	payload declaration stdlib/http2/http2.xr:107	93f8d9a55ffc7d33a96e3cf4f7b111065196cf7a01c06ae9f5fcbce04016c52c
0f5b4f634bfefb7ad3e8e1494ce2995ae52df976	stdlib/http2/http2.xr	63077	63120	1578	Http2Error	ConnectionFailed	constructor	ACCEPT	stdlib/http2/http2.xr	110	Http2Error	same-module	reviewed	payload declaration stdlib/http2/http2.xr:110	90edab06c85184b556d70b9adb7cc9cebbe6392a8a723189c16e8b1119beb565
0f5b4f634bfefb7ad3e8e1494ce2995ae52df976	stdlib/http2/http2.xr	63503	63545	1590	Http2Error	ConnectionFailed	constructor	ACCEPT	stdlib/http2/http2.xr	110	Http2Error	same-module	reviewed	payload declaration stdlib/http2/http2.xr:110	ca7931056b85bf66b505cb7e5ec499f186eb94f2d9e76988129f9231ee1770a3
0f5b4f634bfefb7ad3e8e1494ce2995ae52df976	stdlib/http2/http2.xr	63644	63718	1594	Http2Error	ConnectionFailed	constructor	ACCEPT	stdlib/http2/http2.xr	110	Http2Error	same-module	reviewed	payload declaration stdlib/http2/http2.xr:110	b62a18094c37f7feebeeebc62f87008a81e958055e1f1070b25c4c75850b5cc8
0f5b4f634bfefb7ad3e8e1494ce2995ae52df976	stdlib/http2/http2.xr	63903	63970	1601	Http2Error	ConnectionFailed	constructor	ACCEPT	stdlib/http2/http2.xr	110	Http2Error	same-module	reviewed	payload declaration stdlib/http2/http2.xr:110	e4760d77e201bd0b6f62c1efc5ca51e492ed25505d318648a919219e54ffda81
0f5b4f634bfefb7ad3e8e1494ce2995ae52df976	stdlib/http2/http2.xr	64150	64277	1608	Http2Error	ConnectionFailed	constructor	ACCEPT	stdlib/http2/http2.xr	110	Http2Error	same-module	reviewed	payload declaration stdlib/http2/http2.xr:110	fe97fcd76158a60792a7ee30863ebf4b0ebaea8fd94ca8510d75921e690110cb
0f5b4f634bfefb7ad3e8e1494ce2995ae52df976	stdlib/http2/http2.xr	64324	64385	1612	Http2Error	ProtocolError	constructor	ACCEPT	stdlib/http2/http2.xr	107	Http2Error	same-module	reviewed	payload declaration stdlib/http2/http2.xr:107	3b2dbde0b1aeb4129e8ae213b930fb56c5b2e65281dd4a8b00e949254164fca4
0f5b4f634bfefb7ad3e8e1494ce2995ae52df976	stdlib/http2/http2.xr	65697	65749	1637	Http2Error	ProtocolError	constructor	ACCEPT	stdlib/http2/http2.xr	107	Http2Error	same-module	reviewed	payload declaration stdlib/http2/http2.xr:107	755c7ea84edeabf035cc728d4d0f116c1301c5a6b89947aeb3e8f4114067aa74
0f5b4f634bfefb7ad3e8e1494ce2995ae52df976	stdlib/http2/http2.xr	65884	65916	1642	Http2Error	ConnectionFailed	constructor	ACCEPT	stdlib/http2/http2.xr	110	Http2Error	same-module	reviewed	payload declaration stdlib/http2/http2.xr:110	8882138adf8a0ed2c2b29eab490f1aba27e1ebb1715d6e48a1682838d6029a30
0f5b4f634bfefb7ad3e8e1494ce2995ae52df976	stdlib/regex/regex.xr	65181	65239	1791	RegexError	InvalidPattern	constructor	ACCEPT	stdlib/regex/regex.xr	1743	RegexError	same-module	reviewed	payload declaration stdlib/regex/regex.xr:1745	15ff732cea1b0cbfb9ead61cad47d376753e649ccc4e5a496410c3e88747f726
0f5b4f634bfefb7ad3e8e1494ce2995ae52df976	stdlib/regex/regex.xr	65310	65386	1794	RegexError	InvalidPattern	constructor	ACCEPT	stdlib/regex/regex.xr	1743	RegexError	same-module	reviewed	payload declaration stdlib/regex/regex.xr:1745	d310dcb911ee728e8b44a42c3da648c8c1792ec3acc1154690597af242e2f961
0f5b4f634bfefb7ad3e8e1494ce2995ae52df976	stdlib/toml/toml.xr	16511	16553	608	TomlValue	Float	constructor	REJECT	-	0	-	reviewed-reject:non-enum-type-shadow	reviewed	reviewed class static call; receiver is a non-enum type in this module	94d6ae84a69c90074e26fb1e2dc25c7514475e76893f517280e5132e109b62d1
0f5b4f634bfefb7ad3e8e1494ce2995ae52df976	stdlib/toml/toml.xr	16590	16634	609	TomlValue	Float	constructor	REJECT	-	0	-	reviewed-reject:non-enum-type-shadow	reviewed	reviewed class static call; receiver is a non-enum type in this module	baec0acc24301ffc4247b7979a560554cdb127ccfdf64094bce34c324ff3393c
0f5b4f634bfefb7ad3e8e1494ce2995ae52df976	stdlib/toml/toml.xr	16700	16738	610	TomlValue	Float	constructor	REJECT	-	0	-	reviewed-reject:non-enum-type-shadow	reviewed	reviewed class static call; receiver is a non-enum type in this module	ce6f2bc5e5627fc372b63ebe02615637bcfa5252398a50bbe21f35a5debcc8a9
0f5b4f634bfefb7ad3e8e1494ce2995ae52df976	stdlib/toml/toml.xr	17386	17419	623	TomlValue	Float	constructor	REJECT	-	0	-	reviewed-reject:non-enum-type-shadow	reviewed	reviewed class static call; receiver is a non-enum type in this module	f07fbf78c57096ec19cb37c5287fa4f4c63583497a754df729f738dc456f26be
0f5b4f634bfefb7ad3e8e1494ce2995ae52df976	stdlib/toml/toml.xr	17514	17552	625	TomlValue	Float	constructor	REJECT	-	0	-	reviewed-reject:non-enum-type-shadow	reviewed	reviewed class static call; receiver is a non-enum type in this module	f84132d11d59c865a985b5da4614b3427dd4b6bebde7181ad0f9fff93653df38
0f5b4f634bfefb7ad3e8e1494ce2995ae52df976	stdlib/toml/toml.xr	19675	19695	701	TomlValue	String	constructor	REJECT	-	0	-	reviewed-reject:non-enum-type-shadow	reviewed	reviewed class static call; receiver is a non-enum type in this module	d3b2a26ba470032679b99b9d4b827321ab7f241e3680e31335c87da69a2c3383
0f5b4f634bfefb7ad3e8e1494ce2995ae52df976	stdlib/toml/toml.xr	19766	19807	704	TomlValue	String	constructor	REJECT	-	0	-	reviewed-reject:non-enum-type-shadow	reviewed	reviewed class static call; receiver is a non-enum type in this module	546a09ed68b873fadfadfea803b8c538610d0bf61bf677c25390f20474710eb5
0f5b4f634bfefb7ad3e8e1494ce2995ae52df976	stdlib/toml/toml.xr	19841	19884	705	TomlValue	String	constructor	REJECT	-	0	-	reviewed-reject:non-enum-type-shadow	reviewed	reviewed class static call; receiver is a non-enum type in this module	f537b54aa91e6ac1623bdfb299cfb21f6d0cb9734aa0dd90033f5c41c1c913ff
0f5b4f634bfefb7ad3e8e1494ce2995ae52df976	stdlib/toml/toml.xr	21024	21044	729	TomlValue	String	constructor	REJECT	-	0	-	reviewed-reject:non-enum-type-shadow	reviewed	reviewed class static call; receiver is a non-enum type in this module	d3b2a26ba470032679b99b9d4b827321ab7f241e3680e31335c87da69a2c3383
0f5b4f634bfefb7ad3e8e1494ce2995ae52df976	stdlib/toml/toml.xr	31832	31865	1068	TomlValue	Float	constructor	REJECT	-	0	-	reviewed-reject:non-enum-type-shadow	reviewed	reviewed class static call; receiver is a non-enum type in this module	62099f46f38556f49cc9d302a4b362235971aacbb7fe0220ce54b0a091703e06
0f5b4f634bfefb7ad3e8e1494ce2995ae52df976	stdlib/toml/toml.xr	31932	31955	1072	TomlValue	String	constructor	REJECT	-	0	-	reviewed-reject:non-enum-type-shadow	reviewed	reviewed class static call; receiver is a non-enum type in this module	b3cdda9de41b5472d582a12a27397130b687a728f1f51dcb44e686b2d1792370
0f5b4f634bfefb7ad3e8e1494ce2995ae52df976	stdlib/url/url.xr	5833	5880	217	UrlError	InvalidPercentEncoding	constructor	ACCEPT	stdlib/url/url.xr	10	UrlError	same-module	reviewed	payload declaration stdlib/url/url.xr:10	f3b01c1d4bbca4aebd6720bffc8558d6e3f84d4dc5265ab74c56f06543f2070b
0f5b4f634bfefb7ad3e8e1494ce2995ae52df976	stdlib/url/url.xr	6047	6094	222	UrlError	InvalidPercentEncoding	constructor	ACCEPT	stdlib/url/url.xr	10	UrlError	same-module	reviewed	payload declaration stdlib/url/url.xr:10	f3b01c1d4bbca4aebd6720bffc8558d6e3f84d4dc5265ab74c56f06543f2070b
0f5b4f634bfefb7ad3e8e1494ce2995ae52df976	stdlib/xml/xml.xr	1811	1845	62	XmlNode	Element	pattern-direct	ACCEPT	stdlib/xml/xml.xr	43	XmlNode	same-module	reviewed	payload declaration stdlib/xml/xml.xr:43	3a39f2958179108a03208df44f060f7ee58f5dc7341d3377911a56cc9e64e535
0f5b4f634bfefb7ad3e8e1494ce2995ae52df976	stdlib/xml/xml.xr	2350	2384	74	XmlNode	Element	pattern-direct	ACCEPT	stdlib/xml/xml.xr	43	XmlNode	same-module	reviewed	payload declaration stdlib/xml/xml.xr:43	3a39f2958179108a03208df44f060f7ee58f5dc7341d3377911a56cc9e64e535
0f5b4f634bfefb7ad3e8e1494ce2995ae52df976	stdlib/xml/xml.xr	2619	2653	83	XmlNode	Element	pattern-direct	ACCEPT	stdlib/xml/xml.xr	43	XmlNode	same-module	reviewed	payload declaration stdlib/xml/xml.xr:43	3a39f2958179108a03208df44f060f7ee58f5dc7341d3377911a56cc9e64e535
0f5b4f634bfefb7ad3e8e1494ce2995ae52df976	stdlib/xml/xml.xr	3656	3678	114	XmlNode	Document	pattern-direct	ACCEPT	stdlib/xml/xml.xr	42	XmlNode	same-module	reviewed	payload declaration stdlib/xml/xml.xr:42	414a4f81b5fb84dc3c2e509242a8dc2f8589b7b7e94a17d0f0d505524b009027
0f5b4f634bfefb7ad3e8e1494ce2995ae52df976	stdlib/xml/xml.xr	3714	3748	115	XmlNode	Element	pattern-direct	ACCEPT	stdlib/xml/xml.xr	43	XmlNode	same-module	reviewed	payload declaration stdlib/xml/xml.xr:43	3a39f2958179108a03208df44f060f7ee58f5dc7341d3377911a56cc9e64e535
0f5b4f634bfefb7ad3e8e1494ce2995ae52df976	stdlib/xml/xml.xr	3973	3988	123	XmlNode	Text	pattern-direct	ACCEPT	stdlib/xml/xml.xr	44	XmlNode	same-module	reviewed	payload declaration stdlib/xml/xml.xr:44	35e5470292911f13dbc0023c25f31d7f6a0d451b8bb03d83ac19a7f4674a823e
0f5b4f634bfefb7ad3e8e1494ce2995ae52df976	stdlib/xml/xml.xr	4006	4024	124	XmlNode	Comment	pattern-direct	ACCEPT	stdlib/xml/xml.xr	45	XmlNode	same-module	reviewed	payload declaration stdlib/xml/xml.xr:45	d1dc310d582246f0db107a9a363507c9e108d14029efa3c071879ac6eeeffec5
0f5b4f634bfefb7ad3e8e1494ce2995ae52df976	stdlib/xml/xml.xr	4039	4055	125	XmlNode	CData	pattern-direct	ACCEPT	stdlib/xml/xml.xr	46	XmlNode	same-module	reviewed	payload declaration stdlib/xml/xml.xr:46	af16caf0d41d603b0e3a199ccea28f55c5497fc052d4b042d7b9c885fbe66630
0f5b4f634bfefb7ad3e8e1494ce2995ae52df976	stdlib/xml/xml.xr	4293	4327	134	XmlNode	Element	pattern-direct	ACCEPT	stdlib/xml/xml.xr	43	XmlNode	same-module	reviewed	payload declaration stdlib/xml/xml.xr:43	3a39f2958179108a03208df44f060f7ee58f5dc7341d3377911a56cc9e64e535
0f5b4f634bfefb7ad3e8e1494ce2995ae52df976	stdlib/xml/xml.xr	4358	4380	135	XmlNode	Document	pattern-direct	ACCEPT	stdlib/xml/xml.xr	42	XmlNode	same-module	reviewed	payload declaration stdlib/xml/xml.xr:42	414a4f81b5fb84dc3c2e509242a8dc2f8589b7b7e94a17d0f0d505524b009027
0f5b4f634bfefb7ad3e8e1494ce2995ae52df976	stdlib/xml/xml.xr	4423	4438	136	XmlNode	Text	pattern-direct	ACCEPT	stdlib/xml/xml.xr	44	XmlNode	same-module	reviewed	payload declaration stdlib/xml/xml.xr:44	35e5470292911f13dbc0023c25f31d7f6a0d451b8bb03d83ac19a7f4674a823e
0f5b4f634bfefb7ad3e8e1494ce2995ae52df976	stdlib/xml/xml.xr	4472	4488	137	XmlNode	CData	pattern-direct	ACCEPT	stdlib/xml/xml.xr	46	XmlNode	same-module	reviewed	payload declaration stdlib/xml/xml.xr:46	af16caf0d41d603b0e3a199ccea28f55c5497fc052d4b042d7b9c885fbe66630
0f5b4f634bfefb7ad3e8e1494ce2995ae52df976	stdlib/xml/xml.xr	13512	13527	452	XmlNode	Text	pattern-direct	ACCEPT	stdlib/xml/xml.xr	44	XmlNode	same-module	reviewed	payload declaration stdlib/xml/xml.xr:44	35e5470292911f13dbc0023c25f31d7f6a0d451b8bb03d83ac19a7f4674a823e
0f5b4f634bfefb7ad3e8e1494ce2995ae52df976	stdlib/xml/xml.xr	13651	13666	459	XmlNode	Text	pattern-direct	ACCEPT	stdlib/xml/xml.xr	44	XmlNode	same-module	reviewed	payload declaration stdlib/xml/xml.xr:44	35e5470292911f13dbc0023c25f31d7f6a0d451b8bb03d83ac19a7f4674a823e
0f5b4f634bfefb7ad3e8e1494ce2995ae52df976	stdlib/xml/xml.xr	13865	13880	468	XmlNode	Text	pattern-direct	ACCEPT	stdlib/xml/xml.xr	44	XmlNode	same-module	reviewed	payload declaration stdlib/xml/xml.xr:44	35e5470292911f13dbc0023c25f31d7f6a0d451b8bb03d83ac19a7f4674a823e
0f5b4f634bfefb7ad3e8e1494ce2995ae52df976	stdlib/xml/xml.xr	13900	13916	469	XmlNode	CData	pattern-direct	ACCEPT	stdlib/xml/xml.xr	46	XmlNode	same-module	reviewed	payload declaration stdlib/xml/xml.xr:46	af16caf0d41d603b0e3a199ccea28f55c5497fc052d4b042d7b9c885fbe66630
0f5b4f634bfefb7ad3e8e1494ce2995ae52df976	stdlib/xml/xml.xr	19379	19403	657	XmlNode	Comment	constructor	ACCEPT	stdlib/xml/xml.xr	45	XmlNode	same-module	reviewed	payload declaration stdlib/xml/xml.xr:45	b44f3c74165fdbf09d98a97c8832de79639553a9fdbd4ad70842cc5863da4207
0f5b4f634bfefb7ad3e8e1494ce2995ae52df976	stdlib/xml/xml.xr	19550	19599	662	XmlNode	Comment	constructor	ACCEPT	stdlib/xml/xml.xr	45	XmlNode	same-module	reviewed	payload declaration stdlib/xml/xml.xr:45	99a578470c09790d764e4e5e272926ab2f939a52ae99b0e49e38f172e862be6b
0f5b4f634bfefb7ad3e8e1494ce2995ae52df976	stdlib/xml/xml.xr	20064	20086	675	XmlNode	CData	constructor	ACCEPT	stdlib/xml/xml.xr	46	XmlNode	same-module	reviewed	payload declaration stdlib/xml/xml.xr:46	9a292314c178d83741e2e23d51e423d67073f5c14a821f246ecaeab6b2b10fac
0f5b4f634bfefb7ad3e8e1494ce2995ae52df976	stdlib/xml/xml.xr	20112	20133	676	XmlNode	Text	constructor	ACCEPT	stdlib/xml/xml.xr	44	XmlNode	same-module	reviewed	payload declaration stdlib/xml/xml.xr:44	24958d363bfa4312bd7d8dcab87a246cf7fc4fe65258a6e8a94d7e519a38fe5b
0f5b4f634bfefb7ad3e8e1494ce2995ae52df976	stdlib/xml/xml.xr	20357	20379	682	XmlNode	CData	constructor	ACCEPT	stdlib/xml/xml.xr	46	XmlNode	same-module	reviewed	payload declaration stdlib/xml/xml.xr:46	9a292314c178d83741e2e23d51e423d67073f5c14a821f246ecaeab6b2b10fac
0f5b4f634bfefb7ad3e8e1494ce2995ae52df976	stdlib/xml/xml.xr	20397	20418	683	XmlNode	Text	constructor	ACCEPT	stdlib/xml/xml.xr	44	XmlNode	same-module	reviewed	payload declaration stdlib/xml/xml.xr:44	24958d363bfa4312bd7d8dcab87a246cf7fc4fe65258a6e8a94d7e519a38fe5b
0f5b4f634bfefb7ad3e8e1494ce2995ae52df976	stdlib/xml/xml.xr	20795	20814	694	XmlNode	Text	constructor	ACCEPT	stdlib/xml/xml.xr	44	XmlNode	same-module	reviewed	payload declaration stdlib/xml/xml.xr:44	458d58e017f6a4b3d09783ae61a87e319224f2f053c4068c9291fbefa7b4184d
0f5b4f634bfefb7ad3e8e1494ce2995ae52df976	stdlib/xml/xml.xr	22200	22252	737	XmlNode	Element	constructor	ACCEPT	stdlib/xml/xml.xr	43	XmlNode	same-module	reviewed	payload declaration stdlib/xml/xml.xr:43	08945348091d847c0689d53964949c8eb30b114fd44f4622dee9fdc889faab30
0f5b4f634bfefb7ad3e8e1494ce2995ae52df976	stdlib/xml/xml.xr	23780	23832	777	XmlNode	Element	constructor	ACCEPT	stdlib/xml/xml.xr	43	XmlNode	same-module	reviewed	payload declaration stdlib/xml/xml.xr:43	08945348091d847c0689d53964949c8eb30b114fd44f4622dee9fdc889faab30
0f5b4f634bfefb7ad3e8e1494ce2995ae52df976	stdlib/xml/xml.xr	24994	25046	815	XmlNode	Element	constructor	ACCEPT	stdlib/xml/xml.xr	43	XmlNode	same-module	reviewed	payload declaration stdlib/xml/xml.xr:43	08945348091d847c0689d53964949c8eb30b114fd44f4622dee9fdc889faab30
0f5b4f634bfefb7ad3e8e1494ce2995ae52df976	stdlib/xml/xml.xr	29128	29150	951	XmlNode	Document	pattern-direct	ACCEPT	stdlib/xml/xml.xr	42	XmlNode	same-module	reviewed	payload declaration stdlib/xml/xml.xr:42	414a4f81b5fb84dc3c2e509242a8dc2f8589b7b7e94a17d0f0d505524b009027
0f5b4f634bfefb7ad3e8e1494ce2995ae52df976	stdlib/xml/xml.xr	29235	29269	952	XmlNode	Element	pattern-direct	ACCEPT	stdlib/xml/xml.xr	43	XmlNode	same-module	reviewed	payload declaration stdlib/xml/xml.xr:43	3a39f2958179108a03208df44f060f7ee58f5dc7341d3377911a56cc9e64e535
0f5b4f634bfefb7ad3e8e1494ce2995ae52df976	stdlib/xml/xml.xr	29354	29373	953	XmlNode	Text	pattern-direct	ACCEPT	stdlib/xml/xml.xr	44	XmlNode	same-module	reviewed	payload declaration stdlib/xml/xml.xr:44	458d58e017f6a4b3d09783ae61a87e319224f2f053c4068c9291fbefa7b4184d
0f5b4f634bfefb7ad3e8e1494ce2995ae52df976	stdlib/xml/xml.xr	29451	29473	954	XmlNode	Comment	pattern-direct	ACCEPT	stdlib/xml/xml.xr	45	XmlNode	same-module	reviewed	payload declaration stdlib/xml/xml.xr:45	94872fd1e903b57f29e417034b851f8ad99ed6fb858b2a730ad97da32547d292
0f5b4f634bfefb7ad3e8e1494ce2995ae52df976	stdlib/xml/xml.xr	29551	29571	955	XmlNode	CData	pattern-direct	ACCEPT	stdlib/xml/xml.xr	46	XmlNode	same-module	reviewed	payload declaration stdlib/xml/xml.xr:46	5607c3d518dee0daf9e3b1b137ac0f70445f70e2a026e6edbfff5a3d23b49124
0f5b4f634bfefb7ad3e8e1494ce2995ae52df976	stdlib/xml/xml.xr	29649	29694	956	XmlNode	ProcessingInstruction	pattern-direct	ACCEPT	stdlib/xml/xml.xr	47	XmlNode	same-module	reviewed	payload declaration stdlib/xml/xml.xr:47	4e613302d495f2cef4653e31533634c3a65abd1609c9976d5179649784330e2f
0f5b4f634bfefb7ad3e8e1494ce2995ae52df976	stdlib/xml/xml.xr	30093	30125	967	XmlError	Parse	constructor	ACCEPT	stdlib/xml/xml.xr	173	XmlError	same-module	reviewed	payload declaration stdlib/xml/xml.xr:173	570a0d2dae56436a54f1a578f15663ce0c4fddef807f243fdbce7cd2131540e5
0f5b4f634bfefb7ad3e8e1494ce2995ae52df976	stdlib/xml/xml.xr	30173	30317	970	XmlError	Parse	constructor	ACCEPT	stdlib/xml/xml.xr	173	XmlError	same-module	reviewed	payload declaration stdlib/xml/xml.xr:173	143438f90652f391ee32682e17b94d0b424fbc152055c6978d6151519ed3f607
0f5b4f634bfefb7ad3e8e1494ce2995ae52df976	stdlib/xml/xml.xr	30910	30944	988	XmlError	Io	constructor	ACCEPT	stdlib/xml/xml.xr	174	XmlError	same-module	reviewed	payload declaration stdlib/xml/xml.xr:174	e7c851595bfa7e57bf01cf301094a51794481dc8a9a5cf1e5ce741063c7cdbed
0f5b4f634bfefb7ad3e8e1494ce2995ae52df976	stdlib/xml/xml.xr	31816	31847	1015	XmlNode	Document	constructor	ACCEPT	stdlib/xml/xml.xr	42	XmlNode	same-module	reviewed	payload declaration stdlib/xml/xml.xr:42	3c8e7dcfb621c1ed3427c6d011799339470a3b71abc8d4d59a5717e5fcaa2aaf
0f5b4f634bfefb7ad3e8e1494ce2995ae52df976	stdlib/xml/xml.xr	31861	31888	1016	XmlNode	Document	constructor	ACCEPT	stdlib/xml/xml.xr	42	XmlNode	same-module	reviewed	payload declaration stdlib/xml/xml.xr:42	f69fe04b4b192ec0c12e6a3762f277993191c0043a4ea9b810d183017ee53b80
0f5b4f634bfefb7ad3e8e1494ce2995ae52df976	stdlib/xml/xml.xr	32135	32200	1023	XmlNode	Element	constructor	ACCEPT	stdlib/xml/xml.xr	43	XmlNode	same-module	reviewed	payload declaration stdlib/xml/xml.xr:43	90aba9315f66d1ded59e2b14c4f7e6b40785e5310f4d7b1e848b8d0cff73df8f
0f5b4f634bfefb7ad3e8e1494ce2995ae52df976	stdlib/xml/xml.xr	32260	32281	1027	XmlNode	Text	constructor	ACCEPT	stdlib/xml/xml.xr	44	XmlNode	same-module	reviewed	payload declaration stdlib/xml/xml.xr:44	24958d363bfa4312bd7d8dcab87a246cf7fc4fe65258a6e8a94d7e519a38fe5b
0f5b4f634bfefb7ad3e8e1494ce2995ae52df976	stdlib/xml/xml.xr	32344	32368	1031	XmlNode	Comment	constructor	ACCEPT	stdlib/xml/xml.xr	45	XmlNode	same-module	reviewed	payload declaration stdlib/xml/xml.xr:45	b44f3c74165fdbf09d98a97c8832de79639553a9fdbd4ad70842cc5863da4207
0f5b4f634bfefb7ad3e8e1494ce2995ae52df976	stdlib/xml/xml.xr	32429	32451	1035	XmlNode	CData	constructor	ACCEPT	stdlib/xml/xml.xr	46	XmlNode	same-module	reviewed	payload declaration stdlib/xml/xml.xr:46	9a292314c178d83741e2e23d51e423d67073f5c14a821f246ecaeab6b2b10fac
0f5b4f634bfefb7ad3e8e1494ce2995ae52df976	stdlib/yaml/yaml.xr	5797	5817	221	YamlValue	Boolean	pattern-direct	ACCEPT	stdlib/yaml/yaml.xr	98	YamlValue	same-module	reviewed	payload declaration stdlib/yaml/yaml.xr:98	2b0bc163ecdaa08c13177c7e5ed597e658785d58a1ab8cc6b6ba76193ef32793
0f5b4f634bfefb7ad3e8e1494ce2995ae52df976	stdlib/yaml/yaml.xr	5949	5969	228	YamlValue	Integer	pattern-direct	ACCEPT	stdlib/yaml/yaml.xr	99	YamlValue	same-module	reviewed	payload declaration stdlib/yaml/yaml.xr:99	7c07948328f34c1b09a354fe4c4cc68db3580fd600c01d0d14ebc217c64eb91e
0f5b4f634bfefb7ad3e8e1494ce2995ae52df976	stdlib/yaml/yaml.xr	6103	6121	235	YamlValue	Float	pattern-direct	ACCEPT	stdlib/yaml/yaml.xr	100	YamlValue	same-module	reviewed	payload declaration stdlib/yaml/yaml.xr:100	d1dcaa4b06da5192556a2e44f499b432addb9a8f173c12d76a0e2815bc01bb88
0f5b4f634bfefb7ad3e8e1494ce2995ae52df976	stdlib/yaml/yaml.xr	6257	6276	242	YamlValue	String	pattern-direct	ACCEPT	stdlib/yaml/yaml.xr	101	YamlValue	same-module	reviewed	payload declaration stdlib/yaml/yaml.xr:101	755d00728217900ed05b6c59b88614822e21e7a82db2bb68d410b12484632f08
0f5b4f634bfefb7ad3e8e1494ce2995ae52df976	stdlib/yaml/yaml.xr	6633	6658	252	YamlValue	Sequence	pattern-direct	ACCEPT	stdlib/yaml/yaml.xr	103	YamlValue	same-module	reviewed	payload declaration stdlib/yaml/yaml.xr:103	9d3272f11efab3bfdebb569d7289a08ab86bb7d7eba577a20730dc3a6bc57135
0f5b4f634bfefb7ad3e8e1494ce2995ae52df976	stdlib/yaml/yaml.xr	6841	6861	260	YamlValue	Mapping	pattern-direct	ACCEPT	stdlib/yaml/yaml.xr	104	YamlValue	same-module	reviewed	payload declaration stdlib/yaml/yaml.xr:104	9bf8b44d81f72db562c90b2a0c2cfdd84373456e6d35b1bdd22e9e081f3a4c22
0f5b4f634bfefb7ad3e8e1494ce2995ae52df976	stdlib/yaml/yaml.xr	7120	7140	269	YamlValue	Mapping	pattern-direct	ACCEPT	stdlib/yaml/yaml.xr	104	YamlValue	same-module	reviewed	payload declaration stdlib/yaml/yaml.xr:104	9bf8b44d81f72db562c90b2a0c2cfdd84373456e6d35b1bdd22e9e081f3a4c22
0f5b4f634bfefb7ad3e8e1494ce2995ae52df976	stdlib/yaml/yaml.xr	7409	7434	278	YamlValue	Sequence	pattern-direct	ACCEPT	stdlib/yaml/yaml.xr	103	YamlValue	same-module	reviewed	payload declaration stdlib/yaml/yaml.xr:103	9d3272f11efab3bfdebb569d7289a08ab86bb7d7eba577a20730dc3a6bc57135
0f5b4f634bfefb7ad3e8e1494ce2995ae52df976	stdlib/yaml/yaml.xr	7731	7756	290	YamlValue	Sequence	pattern-direct	ACCEPT	stdlib/yaml/yaml.xr	103	YamlValue	same-module	reviewed	payload declaration stdlib/yaml/yaml.xr:103	9d3272f11efab3bfdebb569d7289a08ab86bb7d7eba577a20730dc3a6bc57135
0f5b4f634bfefb7ad3e8e1494ce2995ae52df976	stdlib/yaml/yaml.xr	7790	7810	291	YamlValue	Mapping	pattern-direct	ACCEPT	stdlib/yaml/yaml.xr	104	YamlValue	same-module	reviewed	payload declaration stdlib/yaml/yaml.xr:104	9bf8b44d81f72db562c90b2a0c2cfdd84373456e6d35b1bdd22e9e081f3a4c22
0f5b4f634bfefb7ad3e8e1494ce2995ae52df976	stdlib/yaml/yaml.xr	8039	8059	300	YamlValue	Mapping	pattern-direct	ACCEPT	stdlib/yaml/yaml.xr	104	YamlValue	same-module	reviewed	payload declaration stdlib/yaml/yaml.xr:104	9bf8b44d81f72db562c90b2a0c2cfdd84373456e6d35b1bdd22e9e081f3a4c22
0f5b4f634bfefb7ad3e8e1494ce2995ae52df976	stdlib/yaml/yaml.xr	8344	8368	313	YamlValue	Boolean	constructor	ACCEPT	stdlib/yaml/yaml.xr	98	YamlValue	same-module	reviewed	payload declaration stdlib/yaml/yaml.xr:98	777fbb91f0a6e1d292f30600da2100bfc1ca76f23840f547546202a1e4b98ae0
0f5b4f634bfefb7ad3e8e1494ce2995ae52df976	stdlib/yaml/yaml.xr	8429	8453	317	YamlValue	Integer	constructor	ACCEPT	stdlib/yaml/yaml.xr	99	YamlValue	same-module	reviewed	payload declaration stdlib/yaml/yaml.xr:99	bb0da65a2fc3a260231118a80e45c7175f2a734f5ce4bf4be870e380a0244602
0f5b4f634bfefb7ad3e8e1494ce2995ae52df976	stdlib/yaml/yaml.xr	8516	8538	321	YamlValue	Float	constructor	ACCEPT	stdlib/yaml/yaml.xr	100	YamlValue	same-module	reviewed	payload declaration stdlib/yaml/yaml.xr:100	b728b1b9267e1d038ec7fed555876846be79e01ea9d83a9983aeb380278e9c3e
0f5b4f634bfefb7ad3e8e1494ce2995ae52df976	stdlib/yaml/yaml.xr	8605	8628	325	YamlValue	String	constructor	ACCEPT	stdlib/yaml/yaml.xr	101	YamlValue	same-module	reviewed	payload declaration stdlib/yaml/yaml.xr:101	520e32a08384318590178bd3849e149a216d4735185ac781146e50130210e0b9
0f5b4f634bfefb7ad3e8e1494ce2995ae52df976	stdlib/yaml/yaml.xr	8698	8721	329	YamlValue	Binary	constructor	ACCEPT	stdlib/yaml/yaml.xr	102	YamlValue	same-module	reviewed	payload declaration stdlib/yaml/yaml.xr:102	1190a12238b726a96776b8cc9fe34e1768914f61abcdbc0b20ff5b1e3cf98810
0f5b4f634bfefb7ad3e8e1494ce2995ae52df976	stdlib/yaml/yaml.xr	8800	8825	333	YamlValue	Sequence	constructor	ACCEPT	stdlib/yaml/yaml.xr	103	YamlValue	same-module	reviewed	payload declaration stdlib/yaml/yaml.xr:103	9d3272f11efab3bfdebb569d7289a08ab86bb7d7eba577a20730dc3a6bc57135
0f5b4f634bfefb7ad3e8e1494ce2995ae52df976	stdlib/yaml/yaml.xr	8900	8926	337	YamlValue	Mapping	constructor	ACCEPT	stdlib/yaml/yaml.xr	104	YamlValue	same-module	reviewed	payload declaration stdlib/yaml/yaml.xr:104	aab72361682b516a97bd54d6e14726ff6cd72bbd6f7167728b2efb046bc5156b
0f5b4f634bfefb7ad3e8e1494ce2995ae52df976	stdlib/yaml/yaml.xr	9048	9070	342	YamlValue	Tagged	constructor	ACCEPT	stdlib/yaml/yaml.xr	105	YamlValue	same-module	reviewed	payload declaration stdlib/yaml/yaml.xr:105	85cd9845d028ad54e0887f3c94e882b8eee6304e28d857142d1e2a5a52a906fa
0f5b4f634bfefb7ad3e8e1494ce2995ae52df976	stdlib/yaml/yaml.xr	9169	9192	347	YamlValue	Alias	constructor	ACCEPT	stdlib/yaml/yaml.xr	106	YamlValue	same-module	reviewed	payload declaration stdlib/yaml/yaml.xr:106	229a86bfd592dc0d096c0f38383423c90e35ada12e5f62328927603ced1ab573
0f5b4f634bfefb7ad3e8e1494ce2995ae52df976	stdlib/yaml/yaml.xr	16214	16237	593	YamlValue	Boolean	constructor	ACCEPT	stdlib/yaml/yaml.xr	98	YamlValue	same-module	reviewed	payload declaration stdlib/yaml/yaml.xr:98	c8adef46ee4d4df086d9ecd62899fc60a6f4356aa8a6fe89198db9f8b22f1d8e
0f5b4f634bfefb7ad3e8e1494ce2995ae52df976	stdlib/yaml/yaml.xr	16275	16299	594	YamlValue	Boolean	constructor	ACCEPT	stdlib/yaml/yaml.xr	98	YamlValue	same-module	reviewed	payload declaration stdlib/yaml/yaml.xr:98	ddcd722d989f1c2c7e24b3e8badcc9031207e6b386282724c2ad437f5b50b0ae
0f5b4f634bfefb7ad3e8e1494ce2995ae52df976	stdlib/yaml/yaml.xr	16356	16382	595	YamlValue	Float	constructor	ACCEPT	stdlib/yaml/yaml.xr	100	YamlValue	same-module	reviewed	payload declaration stdlib/yaml/yaml.xr:100	e44ed0dc1feaf48ebba7cf7f3b13b62ad432e3d4f62bcdc00c1754967f216b9c
0f5b4f634bfefb7ad3e8e1494ce2995ae52df976	stdlib/yaml/yaml.xr	16420	16447	596	YamlValue	Float	constructor	ACCEPT	stdlib/yaml/yaml.xr	100	YamlValue	same-module	reviewed	payload declaration stdlib/yaml/yaml.xr:100	d9b3b02c9b501b352244b187f5e46464c3e441bbf06738d3029eff230aef5fcb
0f5b4f634bfefb7ad3e8e1494ce2995ae52df976	stdlib/yaml/yaml.xr	16524	16550	597	YamlValue	Float	constructor	ACCEPT	stdlib/yaml/yaml.xr	100	YamlValue	same-module	reviewed	payload declaration stdlib/yaml/yaml.xr:100	e341f5ffcacd70e889d5591b36d4abbc0cad727fd6101fd553f17f503fa19ef3
0f5b4f634bfefb7ad3e8e1494ce2995ae52df976	stdlib/yaml/yaml.xr	16615	16657	598	YamlValue	String	constructor	ACCEPT	stdlib/yaml/yaml.xr	101	YamlValue	same-module	reviewed	payload declaration stdlib/yaml/yaml.xr:101	54d0f4f4b9e8f0ab2295f2cca7444a838a7091542ad13cc5c3df533c5e15f1fe
0f5b4f634bfefb7ad3e8e1494ce2995ae52df976	stdlib/yaml/yaml.xr	17006	17065	610	YamlValue	Integer	constructor	ACCEPT	stdlib/yaml/yaml.xr	99	YamlValue	same-module	reviewed	payload declaration stdlib/yaml/yaml.xr:99	94608d53f9d2f844feb91be08b869ccc7cf1184e5515b754f87f67c903348dd3
0f5b4f634bfefb7ad3e8e1494ce2995ae52df976	stdlib/yaml/yaml.xr	17099	17157	611	YamlValue	Integer	constructor	ACCEPT	stdlib/yaml/yaml.xr	99	YamlValue	same-module	reviewed	payload declaration stdlib/yaml/yaml.xr:99	d824c63ce7eaf9dbedad4627c12ba3497f29f69ad4d1280b662f3b6edf60505d
0f5b4f634bfefb7ad3e8e1494ce2995ae52df976	stdlib/yaml/yaml.xr	17351	17370	616	YamlValue	Float	constructor	ACCEPT	stdlib/yaml/yaml.xr	100	YamlValue	same-module	reviewed	payload declaration stdlib/yaml/yaml.xr:100	bf147051b196ebe572778189fd4291b54f89e41c68f9cdc45f32fc0ee3df16f0
0f5b4f634bfefb7ad3e8e1494ce2995ae52df976	stdlib/yaml/yaml.xr	17464	17485	619	YamlValue	Integer	constructor	ACCEPT	stdlib/yaml/yaml.xr	99	YamlValue	same-module	reviewed	payload declaration stdlib/yaml/yaml.xr:99	c3ca92bdab5db0f746d6c3b163268a4b28be8cb662787b9a9d686d44f3826792
0f5b4f634bfefb7ad3e8e1494ce2995ae52df976	stdlib/yaml/yaml.xr	17515	17536	622	YamlValue	String	constructor	ACCEPT	stdlib/yaml/yaml.xr	101	YamlValue	same-module	reviewed	payload declaration stdlib/yaml/yaml.xr:101	d48dbab94326189ce3ab857c3c2e7f1118d7bf75b1df4408f9a6605c64ca7688
0f5b4f634bfefb7ad3e8e1494ce2995ae52df976	stdlib/yaml/yaml.xr	21024	21060	735	YamlValue	String	constructor	ACCEPT	stdlib/yaml/yaml.xr	101	YamlValue	same-module	reviewed	payload declaration stdlib/yaml/yaml.xr:101	fc6aef662d74cfcd492b3797cb520e7c987239a2ddf7506c8c653986d50cc70b
0f5b4f634bfefb7ad3e8e1494ce2995ae52df976	stdlib/yaml/yaml.xr	21302	21325	745	YamlValue	Sequence	constructor	ACCEPT	stdlib/yaml/yaml.xr	103	YamlValue	same-module	reviewed	payload declaration stdlib/yaml/yaml.xr:103	b57fe7972464717e47f84baf067d3a86d05079e377184852833fe2f523c1b7ba
0f5b4f634bfefb7ad3e8e1494ce2995ae52df976	stdlib/yaml/yaml.xr	21720	21743	761	YamlValue	Sequence	constructor	ACCEPT	stdlib/yaml/yaml.xr	103	YamlValue	same-module	reviewed	payload declaration stdlib/yaml/yaml.xr:103	b57fe7972464717e47f84baf067d3a86d05079e377184852833fe2f523c1b7ba
0f5b4f634bfefb7ad3e8e1494ce2995ae52df976	stdlib/yaml/yaml.xr	21946	21972	770	YamlValue	Mapping	constructor	ACCEPT	stdlib/yaml/yaml.xr	104	YamlValue	same-module	reviewed	payload declaration stdlib/yaml/yaml.xr:104	aab72361682b516a97bd54d6e14726ff6cd72bbd6f7167728b2efb046bc5156b
0f5b4f634bfefb7ad3e8e1494ce2995ae52df976	stdlib/yaml/yaml.xr	22550	22576	791	YamlValue	Mapping	constructor	ACCEPT	stdlib/yaml/yaml.xr	104	YamlValue	same-module	reviewed	payload declaration stdlib/yaml/yaml.xr:104	aab72361682b516a97bd54d6e14726ff6cd72bbd6f7167728b2efb046bc5156b
0f5b4f634bfefb7ad3e8e1494ce2995ae52df976	stdlib/yaml/yaml.xr	27421	27474	936	YamlValue	String	constructor	ACCEPT	stdlib/yaml/yaml.xr	101	YamlValue	same-module	reviewed	payload declaration stdlib/yaml/yaml.xr:101	24c19d878cc4e0ef635e4b13662179cc65bb9d28af6b72839daa14f26cd59112
0f5b4f634bfefb7ad3e8e1494ce2995ae52df976	stdlib/yaml/yaml.xr	28686	28712	971	YamlValue	Mapping	constructor	ACCEPT	stdlib/yaml/yaml.xr	104	YamlValue	same-module	reviewed	payload declaration stdlib/yaml/yaml.xr:104	aab72361682b516a97bd54d6e14726ff6cd72bbd6f7167728b2efb046bc5156b
0f5b4f634bfefb7ad3e8e1494ce2995ae52df976	stdlib/yaml/yaml.xr	28975	29001	979	YamlValue	Mapping	constructor	ACCEPT	stdlib/yaml/yaml.xr	104	YamlValue	same-module	reviewed	payload declaration stdlib/yaml/yaml.xr:104	aab72361682b516a97bd54d6e14726ff6cd72bbd6f7167728b2efb046bc5156b
0f5b4f634bfefb7ad3e8e1494ce2995ae52df976	stdlib/yaml/yaml.xr	29244	29297	984	YamlValue	String	constructor	ACCEPT	stdlib/yaml/yaml.xr	101	YamlValue	same-module	reviewed	payload declaration stdlib/yaml/yaml.xr:101	24c19d878cc4e0ef635e4b13662179cc65bb9d28af6b72839daa14f26cd59112
0f5b4f634bfefb7ad3e8e1494ce2995ae52df976	stdlib/yaml/yaml.xr	30474	30500	1016	YamlValue	Mapping	constructor	ACCEPT	stdlib/yaml/yaml.xr	104	YamlValue	same-module	reviewed	payload declaration stdlib/yaml/yaml.xr:104	aab72361682b516a97bd54d6e14726ff6cd72bbd6f7167728b2efb046bc5156b
0f5b4f634bfefb7ad3e8e1494ce2995ae52df976	stdlib/yaml/yaml.xr	32066	32089	1055	YamlValue	Sequence	constructor	ACCEPT	stdlib/yaml/yaml.xr	103	YamlValue	same-module	reviewed	payload declaration stdlib/yaml/yaml.xr:103	b57fe7972464717e47f84baf067d3a86d05079e377184852833fe2f523c1b7ba
0f5b4f634bfefb7ad3e8e1494ce2995ae52df976	stdlib/yaml/yaml.xr	35863	35883	1174	YamlValue	Boolean	pattern-direct	ACCEPT	stdlib/yaml/yaml.xr	98	YamlValue	same-module	reviewed	payload declaration stdlib/yaml/yaml.xr:98	2b0bc163ecdaa08c13177c7e5ed597e658785d58a1ab8cc6b6ba76193ef32793
0f5b4f634bfefb7ad3e8e1494ce2995ae52df976	stdlib/yaml/yaml.xr	35912	35932	1175	YamlValue	Integer	pattern-direct	ACCEPT	stdlib/yaml/yaml.xr	99	YamlValue	same-module	reviewed	payload declaration stdlib/yaml/yaml.xr:99	7c07948328f34c1b09a354fe4c4cc68db3580fd600c01d0d14ebc217c64eb91e
0f5b4f634bfefb7ad3e8e1494ce2995ae52df976	stdlib/yaml/yaml.xr	35958	35976	1176	YamlValue	Float	pattern-direct	ACCEPT	stdlib/yaml/yaml.xr	100	YamlValue	same-module	reviewed	payload declaration stdlib/yaml/yaml.xr:100	d1dcaa4b06da5192556a2e44f499b432addb9a8f173c12d76a0e2815bc01bb88
0f5b4f634bfefb7ad3e8e1494ce2995ae52df976	stdlib/yaml/yaml.xr	36004	36023	1177	YamlValue	String	pattern-direct	ACCEPT	stdlib/yaml/yaml.xr	101	YamlValue	same-module	reviewed	payload declaration stdlib/yaml/yaml.xr:101	755d00728217900ed05b6c59b88614822e21e7a82db2bb68d410b12484632f08
0f5b4f634bfefb7ad3e8e1494ce2995ae52df976	stdlib/yaml/yaml.xr	36056	36079	1178	YamlValue	Binary	pattern-direct	ACCEPT	stdlib/yaml/yaml.xr	102	YamlValue	same-module	reviewed	payload declaration stdlib/yaml/yaml.xr:102	2d20ee0bb4adfd42f1f52a0bbb015bed6aeca1e6dd70a5f93e6ca41cecf3edb0
0f5b4f634bfefb7ad3e8e1494ce2995ae52df976	stdlib/yaml/yaml.xr	36111	36133	1179	YamlValue	Sequence	pattern-direct	ACCEPT	stdlib/yaml/yaml.xr	103	YamlValue	same-module	reviewed	payload declaration stdlib/yaml/yaml.xr:103	b212e5b29eb7f787cfc758ee69d7762a6c8d4d6be2cc5bdf3ab66a6f62054968
0f5b4f634bfefb7ad3e8e1494ce2995ae52df976	stdlib/yaml/yaml.xr	36152	36172	1180	YamlValue	Mapping	pattern-direct	ACCEPT	stdlib/yaml/yaml.xr	104	YamlValue	same-module	reviewed	payload declaration stdlib/yaml/yaml.xr:104	9bf8b44d81f72db562c90b2a0c2cfdd84373456e6d35b1bdd22e9e081f3a4c22
0f5b4f634bfefb7ad3e8e1494ce2995ae52df976	stdlib/yaml/yaml.xr	36193	36213	1181	YamlValue	Tagged	pattern-direct	ACCEPT	stdlib/yaml/yaml.xr	105	YamlValue	same-module	reviewed	payload declaration stdlib/yaml/yaml.xr:105	77696f97bcdbd5d9accb2d8a7fc21879c6b602608aa3d73563fe56062a6d0c18
0f5b4f634bfefb7ad3e8e1494ce2995ae52df976	stdlib/yaml/yaml.xr	36245	36263	1182	YamlValue	Alias	pattern-direct	ACCEPT	stdlib/yaml/yaml.xr	106	YamlValue	same-module	reviewed	payload declaration stdlib/yaml/yaml.xr:106	478681689a441b6755cf4e8a799e82e86bcd0b782c9eb0dc26bbfc184613eb5e
0f5b4f634bfefb7ad3e8e1494ce2995ae52df976	stdlib/yaml/yaml.xr	36501	36526	1192	YamlValue	Sequence	pattern-direct	ACCEPT	stdlib/yaml/yaml.xr	103	YamlValue	same-module	reviewed	payload declaration stdlib/yaml/yaml.xr:103	9d3272f11efab3bfdebb569d7289a08ab86bb7d7eba577a20730dc3a6bc57135
0f5b4f634bfefb7ad3e8e1494ce2995ae52df976	stdlib/yaml/yaml.xr	36564	36584	1193	YamlValue	Mapping	pattern-direct	ACCEPT	stdlib/yaml/yaml.xr	104	YamlValue	same-module	reviewed	payload declaration stdlib/yaml/yaml.xr:104	9bf8b44d81f72db562c90b2a0c2cfdd84373456e6d35b1bdd22e9e081f3a4c22
0f5b4f634bfefb7ad3e8e1494ce2995ae52df976	stdlib/yaml/yaml.xr	38704	38725	1256	YamlError	Parse	constructor	ACCEPT	stdlib/yaml/yaml.xr	133	YamlError	same-module	reviewed	payload declaration stdlib/yaml/yaml.xr:133	c6800b42f0ea6f263f38d87706501e8e8ce76be0f417163744edb04c84b5f4be
0f5b4f634bfefb7ad3e8e1494ce2995ae52df976	stdlib/yaml/yaml.xr	38988	39021	1266	YamlError	Parse	constructor	ACCEPT	stdlib/yaml/yaml.xr	133	YamlError	same-module	reviewed	payload declaration stdlib/yaml/yaml.xr:133	7dc22f4afabd85bc8376d566aac9888156c44258cb4544d652a7722350f8c374
0f5b4f634bfefb7ad3e8e1494ce2995ae52df976	stdlib/yaml/yaml.xr	40310	40345	1309	YamlError	Io	constructor	ACCEPT	stdlib/yaml/yaml.xr	134	YamlError	same-module	reviewed	payload declaration stdlib/yaml/yaml.xr:134	896316c08f46da9d203950ca9d1436b817425eccb58b588f4e47be863e425fc2
0f5b4f634bfefb7ad3e8e1494ce2995ae52df976	tests/aot/basic/adt_match_static_tag_payload.xr	116	133	8	FastResult	Ok	constructor	ACCEPT	tests/aot/basic/adt_match_static_tag_payload.xr	2	FastResult	same-module	reviewed	payload declaration tests/aot/basic/adt_match_static_tag_payload.xr:2	9a44ede5e692d0952e3577fec42c77e7facda38f04d4ff1152d4782e560cec9c
0f5b4f634bfefb7ad3e8e1494ce2995ae52df976	tests/aot/basic/adt_match_static_tag_payload.xr	151	168	10	FastResult	Err	constructor	ACCEPT	tests/aot/basic/adt_match_static_tag_payload.xr	3	FastResult	same-module	reviewed	payload declaration tests/aot/basic/adt_match_static_tag_payload.xr:3	3383531fe0915d0af8a443219cad01ca49f8fa84106b7926495d98bdac7bde2d
0f5b4f634bfefb7ad3e8e1494ce2995ae52df976	tests/aot/basic/adt_match_static_tag_payload.xr	255	275	16	FastResult	Ok	pattern-direct	ACCEPT	tests/aot/basic/adt_match_static_tag_payload.xr	2	FastResult	same-module	reviewed	payload declaration tests/aot/basic/adt_match_static_tag_payload.xr:2	1ef0b321ef20a4b9e88996314048ce6a0b1af88401bc5395b5d7fa7e4a79be0c
0f5b4f634bfefb7ad3e8e1494ce2995ae52df976	tests/aot/basic/adt_match_static_tag_payload.xr	328	348	19	FastResult	Err	pattern-direct	ACCEPT	tests/aot/basic/adt_match_static_tag_payload.xr	3	FastResult	same-module	reviewed	payload declaration tests/aot/basic/adt_match_static_tag_payload.xr:3	deb0b66e4fbe9a526f553a9f0ba47ddfeabd2ed238f85642817401dc8c989b40
0f5b4f634bfefb7ad3e8e1494ce2995ae52df976	tests/aot/basic/defer_block_scope.xr	109	128	8	BlockErr	Msg	constructor	ACCEPT	tests/aot/basic/defer_block_scope.xr	4	BlockErr	same-module	reviewed	payload declaration tests/aot/basic/defer_block_scope.xr:4	4c9821eeb13737d33ceea89b628048bd45ddcd2dc0ffd7f2980e076f7f4562d4
0f5b4f634bfefb7ad3e8e1494ce2995ae52df976	tests/aot/basic/generic_enum_tuple_payload.xr	181	206	9	DecodeResult	Ok	constructor	ACCEPT	tests/aot/basic/generic_enum_tuple_payload.xr	4	DecodeResult	same-module	reviewed	payload declaration tests/aot/basic/generic_enum_tuple_payload.xr:4	5c296443d7f0a5e8b73592b642c1c6a248e03fa6a64355144c6fc3bd54da2a4b
0f5b4f634bfefb7ad3e8e1494ce2995ae52df976	tests/aot/basic/generic_enum_tuple_payload.xr	245	263	14	DecodeResult	Ok	pattern-direct	ACCEPT	tests/aot/basic/generic_enum_tuple_payload.xr	4	DecodeResult	same-module	reviewed	payload declaration tests/aot/basic/generic_enum_tuple_payload.xr:4	f0e259db73d1d722cabc9157ace42def7f027d9167aef2a01337b678ae976ccb
0f5b4f634bfefb7ad3e8e1494ce2995ae52df976	tests/aot/basic/generic_enum_tuple_payload.xr	317	336	18	DecodeResult	Err	pattern-direct	ACCEPT	tests/aot/basic/generic_enum_tuple_payload.xr	5	DecodeResult	same-module	reviewed	payload declaration tests/aot/basic/generic_enum_tuple_payload.xr:5	6de88ca7068ce40d4f65e95cea0f9b7421bc0ae58bae83f316c6e955ff191457
0f5b4f634bfefb7ad3e8e1494ce2995ae52df976	tests/aot/basic/generic_enum_tuple_payload.xr	393	416	24	DecodeResult	Ok	pattern-direct	ACCEPT	tests/aot/basic/generic_enum_tuple_payload.xr	4	DecodeResult	same-module	reviewed	payload declaration tests/aot/basic/generic_enum_tuple_payload.xr:4	4321916417ae4db4fa602e8db55188a4076bfe6e89a70055cbeb68c25b981d84
0f5b4f634bfefb7ad3e8e1494ce2995ae52df976	tests/aot/basic/generic_enum_tuple_payload.xr	453	472	27	DecodeResult	Err	pattern-direct	ACCEPT	tests/aot/basic/generic_enum_tuple_payload.xr	5	DecodeResult	same-module	reviewed	payload declaration tests/aot/basic/generic_enum_tuple_payload.xr:5	6de88ca7068ce40d4f65e95cea0f9b7421bc0ae58bae83f316c6e955ff191457
0f5b4f634bfefb7ad3e8e1494ce2995ae52df976	tests/aot/basic/try_catch.xr	377	390	21	AppErr	Bad	constructor	ACCEPT	tests/aot/basic/try_catch.xr	5	AppErr	same-module	reviewed	payload declaration tests/aot/basic/try_catch.xr:5	149c984cd18aa216b9c4bd572e49af9247a770386b79f8802e9694830ad6aecb
0f5b4f634bfefb7ad3e8e1494ce2995ae52df976	tests/aot/basic/try_catch.xr	449	462	24	AppErr	Bad	pattern-direct	ACCEPT	tests/aot/basic/try_catch.xr	5	AppErr	same-module	reviewed	payload declaration tests/aot/basic/try_catch.xr:5	ca212d55eeef64ad712ea547ad2fb5bb2f4e194917b4f487377c0f952845dd06
0f5b4f634bfefb7ad3e8e1494ce2995ae52df976	tests/aot/basic/try_catch.xr	634	647	33	AppErr	Bad	constructor	ACCEPT	tests/aot/basic/try_catch.xr	5	AppErr	same-module	reviewed	payload declaration tests/aot/basic/try_catch.xr:5	168d68370381ed79c0df41498cacf31a3b8d76f93d0409dad96d9a4eca1222f0
0f5b4f634bfefb7ad3e8e1494ce2995ae52df976	tests/aot/coro/await_timeout.xr	84	101	3	Recv	Value	pattern-direct	ACCEPT	stdlib/types/channel.xr	4	Recv	builtin-symbol	reviewed	payload declaration stdlib/types/channel.xr:4	1ef8f9d0be069ca601cdd76ca1aff8602e8f2c0020bb19ec7368ef92f43967ee
0f5b4f634bfefb7ad3e8e1494ce2995ae52df976	tests/aot/coro/await_timeout.xr	489	510	25	TaskResult	Success	pattern-direct	ACCEPT	stdlib/types/coroutine.xr	4	TaskResult	builtin-symbol	reviewed	payload declaration stdlib/types/coroutine.xr:4	4ac84991b6cf36c7c81cd63374510d830d44c9c35a71808335fe33876de5f579
0f5b4f634bfefb7ad3e8e1494ce2995ae52df976	tests/aot/coro/buffered_channel.xr	79	96	5	Recv	Value	pattern-direct	ACCEPT	stdlib/types/channel.xr	4	Recv	builtin-symbol	reviewed	payload declaration stdlib/types/channel.xr:4	1ef8f9d0be069ca601cdd76ca1aff8602e8f2c0020bb19ec7368ef92f43967ee
0f5b4f634bfefb7ad3e8e1494ce2995ae52df976	tests/aot/coro/channel_array_isolation.xr	97	114	3	Recv	Value	pattern-direct	ACCEPT	stdlib/types/channel.xr	4	Recv	builtin-symbol	reviewed	payload declaration stdlib/types/channel.xr:4	1ef8f9d0be069ca601cdd76ca1aff8602e8f2c0020bb19ec7368ef92f43967ee
0f5b4f634bfefb7ad3e8e1494ce2995ae52df976	tests/aot/coro/channel_close_timeout_fanout.xr	753	766	34	Recv	Value	pattern-direct	ACCEPT	stdlib/types/channel.xr	4	Recv	builtin-symbol	reviewed	payload declaration stdlib/types/channel.xr:4	78804a8dd69390e491f49c05a5b08e146f6fda37898bced2f45d6719896a1289
0f5b4f634bfefb7ad3e8e1494ce2995ae52df976	tests/aot/coro/channel_explicit_transfer.xr	210	223	10	Recv	Value	pattern-direct	ACCEPT	stdlib/types/channel.xr	4	Recv	builtin-symbol	reviewed	payload declaration stdlib/types/channel.xr:4	78804a8dd69390e491f49c05a5b08e146f6fda37898bced2f45d6719896a1289
0f5b4f634bfefb7ad3e8e1494ce2995ae52df976	tests/aot/coro/channel_recv_zero_null.xr	72	89	3	Recv	Value	pattern-direct	ACCEPT	stdlib/types/channel.xr	4	Recv	builtin-symbol	reviewed	payload declaration stdlib/types/channel.xr:4	1ef8f9d0be069ca601cdd76ca1aff8602e8f2c0020bb19ec7368ef92f43967ee
0f5b4f634bfefb7ad3e8e1494ce2995ae52df976	tests/aot/coro/channel_timeout.xr	218	235	10	Recv	Value	pattern-direct	ACCEPT	stdlib/types/channel.xr	4	Recv	builtin-symbol	reviewed	payload declaration stdlib/types/channel.xr:4	1ef8f9d0be069ca601cdd76ca1aff8602e8f2c0020bb19ec7368ef92f43967ee
0f5b4f634bfefb7ad3e8e1494ce2995ae52df976	tests/aot/coro/channel_timeout.xr	394	411	19	Recv	Value	pattern-direct	ACCEPT	stdlib/types/channel.xr	4	Recv	builtin-symbol	reviewed	payload declaration stdlib/types/channel.xr:4	1ef8f9d0be069ca601cdd76ca1aff8602e8f2c0020bb19ec7368ef92f43967ee
0f5b4f634bfefb7ad3e8e1494ce2995ae52df976	tests/aot/coro/channel_timeout.xr	459	472	23	Recv	Value	pattern-direct	ACCEPT	stdlib/types/channel.xr	4	Recv	builtin-symbol	reviewed	payload declaration stdlib/types/channel.xr:4	ea84b14783bc1ac962f54996bf3f7346313a485ab793934d78768375060b5234
0f5b4f634bfefb7ad3e8e1494ce2995ae52df976	tests/aot/coro/channel_timeout.xr	600	613	31	Recv	Value	pattern-direct	ACCEPT	stdlib/types/channel.xr	4	Recv	builtin-symbol	reviewed	payload declaration stdlib/types/channel.xr:4	ea84b14783bc1ac962f54996bf3f7346313a485ab793934d78768375060b5234
0f5b4f634bfefb7ad3e8e1494ce2995ae52df976	tests/aot/coro/channel_timeout.xr	815	832	40	Recv	Value	pattern-direct	ACCEPT	stdlib/types/channel.xr	4	Recv	builtin-symbol	reviewed	payload declaration stdlib/types/channel.xr:4	1ef8f9d0be069ca601cdd76ca1aff8602e8f2c0020bb19ec7368ef92f43967ee
0f5b4f634bfefb7ad3e8e1494ce2995ae52df976	tests/aot/coro/channel_timeout.xr	880	893	44	Recv	Value	pattern-direct	ACCEPT	stdlib/types/channel.xr	4	Recv	builtin-symbol	reviewed	payload declaration stdlib/types/channel.xr:4	ea84b14783bc1ac962f54996bf3f7346313a485ab793934d78768375060b5234
0f5b4f634bfefb7ad3e8e1494ce2995ae52df976	tests/aot/coro/channel_timeout.xr	1344	1357	64	Recv	Value	pattern-direct	ACCEPT	stdlib/types/channel.xr	4	Recv	builtin-symbol	reviewed	payload declaration stdlib/types/channel.xr:4	ea84b14783bc1ac962f54996bf3f7346313a485ab793934d78768375060b5234
0f5b4f634bfefb7ad3e8e1494ce2995ae52df976	tests/aot/coro/deferred_go_channel_before_await.xr	77	90	3	Recv	Value	pattern-direct	ACCEPT	stdlib/types/channel.xr	4	Recv	builtin-symbol	reviewed	payload declaration stdlib/types/channel.xr:4	78804a8dd69390e491f49c05a5b08e146f6fda37898bced2f45d6719896a1289
0f5b4f634bfefb7ad3e8e1494ce2995ae52df976	tests/aot/coro/direct_suspend_call.xr	79	96	3	Recv	Value	pattern-direct	ACCEPT	stdlib/types/channel.xr	4	Recv	builtin-symbol	reviewed	payload declaration stdlib/types/channel.xr:4	1ef8f9d0be069ca601cdd76ca1aff8602e8f2c0020bb19ec7368ef92f43967ee
0f5b4f634bfefb7ad3e8e1494ce2995ae52df976	tests/aot/coro/dynamic_channel_send.xr	122	135	7	Recv	Value	pattern-direct	ACCEPT	stdlib/types/channel.xr	4	Recv	builtin-symbol	reviewed	payload declaration stdlib/types/channel.xr:4	78804a8dd69390e491f49c05a5b08e146f6fda37898bced2f45d6719896a1289
0f5b4f634bfefb7ad3e8e1494ce2995ae52df976	tests/aot/coro/lazy_string_boundary.xr	149	162	7	Recv	Value	pattern-direct	ACCEPT	stdlib/types/channel.xr	4	Recv	builtin-symbol	reviewed	payload declaration stdlib/types/channel.xr:4	78804a8dd69390e491f49c05a5b08e146f6fda37898bced2f45d6719896a1289
0f5b4f634bfefb7ad3e8e1494ce2995ae52df976	tests/aot/coro/rendezvous_channel.xr	185	202	11	Recv	Value	pattern-direct	ACCEPT	stdlib/types/channel.xr	4	Recv	builtin-symbol	reviewed	payload declaration stdlib/types/channel.xr:4	1ef8f9d0be069ca601cdd76ca1aff8602e8f2c0020bb19ec7368ef92f43967ee
0f5b4f634bfefb7ad3e8e1494ce2995ae52df976	tests/aot/coro/scope.xr	319	346	20	ScopeAotErr	Msg	constructor	ACCEPT	tests/aot/coro/scope.xr	11	ScopeAotErr	same-module	reviewed	payload declaration tests/aot/coro/scope.xr:11	ac1bd20a5a2542b0f67ba0071440947a47277e5efad9846c72dfde38d47716a7
0f5b4f634bfefb7ad3e8e1494ce2995ae52df976	tests/aot/coro/scope.xr	508	521	28	Recv	Value	pattern-direct	ACCEPT	stdlib/types/channel.xr	4	Recv	builtin-symbol	reviewed	payload declaration stdlib/types/channel.xr:4	78804a8dd69390e491f49c05a5b08e146f6fda37898bced2f45d6719896a1289
0f5b4f634bfefb7ad3e8e1494ce2995ae52df976	tests/aot/coro/scope.xr	783	797	46	Recv	Value	pattern-direct	ACCEPT	stdlib/types/channel.xr	4	Recv	builtin-symbol	reviewed	payload declaration stdlib/types/channel.xr:4	b3f1e4df764326a1bef8702f889809ed1cc25f50d6cc0cd004816263715a2c4a
0f5b4f634bfefb7ad3e8e1494ce2995ae52df976	tests/aot/coro/scope.xr	821	835	47	Recv	Value	pattern-direct	ACCEPT	stdlib/types/channel.xr	4	Recv	builtin-symbol	reviewed	payload declaration stdlib/types/channel.xr:4	743fb0e6b961e36cd77a64c8158ef42d2891d9b589c18c67d27b2d1eb6184d60
0f5b4f634bfefb7ad3e8e1494ce2995ae52df976	tests/aot/coro/select_close_wake.xr	354	371	17	Recv	Value	pattern-direct	ACCEPT	stdlib/types/channel.xr	4	Recv	builtin-symbol	reviewed	payload declaration stdlib/types/channel.xr:4	1ef8f9d0be069ca601cdd76ca1aff8602e8f2c0020bb19ec7368ef92f43967ee
0f5b4f634bfefb7ad3e8e1494ce2995ae52df976	tests/aot/coro/select_close_wake.xr	522	539	28	Recv	Value	pattern-direct	ACCEPT	stdlib/types/channel.xr	4	Recv	builtin-symbol	reviewed	payload declaration stdlib/types/channel.xr:4	1ef8f9d0be069ca601cdd76ca1aff8602e8f2c0020bb19ec7368ef92f43967ee
0f5b4f634bfefb7ad3e8e1494ce2995ae52df976	tests/aot/coro/select_close_wake.xr	591	604	32	Recv	Value	pattern-direct	ACCEPT	stdlib/types/channel.xr	4	Recv	builtin-symbol	reviewed	payload declaration stdlib/types/channel.xr:4	ea84b14783bc1ac962f54996bf3f7346313a485ab793934d78768375060b5234
0f5b4f634bfefb7ad3e8e1494ce2995ae52df976	tests/aot/coro/select_send.xr	350	363	21	Recv	Value	pattern-direct	ACCEPT	stdlib/types/channel.xr	4	Recv	builtin-symbol	reviewed	payload declaration stdlib/types/channel.xr:4	78804a8dd69390e491f49c05a5b08e146f6fda37898bced2f45d6719896a1289
0f5b4f634bfefb7ad3e8e1494ce2995ae52df976	tests/aot/coro/select_send.xr	407	420	25	Recv	Value	pattern-direct	ACCEPT	stdlib/types/channel.xr	4	Recv	builtin-symbol	reviewed	payload declaration stdlib/types/channel.xr:4	78804a8dd69390e491f49c05a5b08e146f6fda37898bced2f45d6719896a1289
0f5b4f634bfefb7ad3e8e1494ce2995ae52df976	tests/aot/coro/select_send.xr	464	477	29	Recv	Value	pattern-direct	ACCEPT	stdlib/types/channel.xr	4	Recv	builtin-symbol	reviewed	payload declaration stdlib/types/channel.xr:4	ea84b14783bc1ac962f54996bf3f7346313a485ab793934d78768375060b5234
0f5b4f634bfefb7ad3e8e1494ce2995ae52df976	tests/aot/coro/select_send.xr	523	536	32	Recv	Value	pattern-direct	ACCEPT	stdlib/types/channel.xr	4	Recv	builtin-symbol	reviewed	payload declaration stdlib/types/channel.xr:4	ea84b14783bc1ac962f54996bf3f7346313a485ab793934d78768375060b5234
0f5b4f634bfefb7ad3e8e1494ce2995ae52df976	tests/aot/coro/task_cancel_status.xr	84	101	3	Recv	Value	pattern-direct	ACCEPT	stdlib/types/channel.xr	4	Recv	builtin-symbol	reviewed	payload declaration stdlib/types/channel.xr:4	1ef8f9d0be069ca601cdd76ca1aff8602e8f2c0020bb19ec7368ef92f43967ee
0f5b4f634bfefb7ad3e8e1494ce2995ae52df976	tests/aot/coro/try_recv_close.xr	116	129	8	Recv	Value	pattern-direct	ACCEPT	stdlib/types/channel.xr	4	Recv	builtin-symbol	reviewed	payload declaration stdlib/types/channel.xr:4	78804a8dd69390e491f49c05a5b08e146f6fda37898bced2f45d6719896a1289
0f5b4f634bfefb7ad3e8e1494ce2995ae52df976	tests/aot/coro/try_recv_close.xr	173	186	12	Recv	Value	pattern-direct	ACCEPT	stdlib/types/channel.xr	4	Recv	builtin-symbol	reviewed	payload declaration stdlib/types/channel.xr:4	ea84b14783bc1ac962f54996bf3f7346313a485ab793934d78768375060b5234
0f5b4f634bfefb7ad3e8e1494ce2995ae52df976	tests/aot/coro/try_recv_close.xr	259	272	18	Recv	Value	pattern-direct	ACCEPT	stdlib/types/channel.xr	4	Recv	builtin-symbol	reviewed	payload declaration stdlib/types/channel.xr:4	ea84b14783bc1ac962f54996bf3f7346313a485ab793934d78768375060b5234
0f5b4f634bfefb7ad3e8e1494ce2995ae52df976	tests/aot/coro/typed_channel.xr	173	190	9	Recv	Value	pattern-direct	ACCEPT	stdlib/types/channel.xr	4	Recv	builtin-symbol	reviewed	payload declaration stdlib/types/channel.xr:4	1ef8f9d0be069ca601cdd76ca1aff8602e8f2c0020bb19ec7368ef92f43967ee
0f5b4f634bfefb7ad3e8e1494ce2995ae52df976	tests/aot/coro/typed_channel.xr	388	405	19	Recv	Value	pattern-direct	ACCEPT	stdlib/types/channel.xr	4	Recv	builtin-symbol	reviewed	payload declaration stdlib/types/channel.xr:4	1ef8f9d0be069ca601cdd76ca1aff8602e8f2c0020bb19ec7368ef92f43967ee
0f5b4f634bfefb7ad3e8e1494ce2995ae52df976	tests/aot/filetests/cgen/_imported_enum_guard_lib.xr	133	164	6	ImportedGuardError	Failed	constructor	ACCEPT	tests/aot/filetests/cgen/_imported_enum_guard_lib.xr	2	ImportedGuardError	same-module	reviewed	payload declaration tests/aot/filetests/cgen/_imported_enum_guard_lib.xr:2	5654f73f8756be75fae22bd13131e9cc2fac5784cbe0d995fed9698823b349aa
0f5b4f634bfefb7ad3e8e1494ce2995ae52df976	tests/aot/filetests/cgen/adt_match_multi_payload_aggregate.xr	93	116	7	PairResult	Pair	constructor	ACCEPT	tests/aot/filetests/cgen/adt_match_multi_payload_aggregate.xr	2	PairResult	same-module	reviewed	payload declaration tests/aot/filetests/cgen/adt_match_multi_payload_aggregate.xr:2	bb7fb6dd740970e01c05dfa0cce810f3bb767ceb47c7f25ab5dedd71eede0a1f
0f5b4f634bfefb7ad3e8e1494ce2995ae52df976	tests/aot/filetests/cgen/adt_match_multi_payload_aggregate.xr	198	226	13	PairResult	Pair	pattern-direct	ACCEPT	tests/aot/filetests/cgen/adt_match_multi_payload_aggregate.xr	2	PairResult	same-module	reviewed	payload declaration tests/aot/filetests/cgen/adt_match_multi_payload_aggregate.xr:2	8768c38ceff90f825c4967c4f6128f30888649e9a158b3cadd05710fc8dad64c
0f5b4f634bfefb7ad3e8e1494ce2995ae52df976	tests/aot/filetests/cgen/adt_match_static_tag_payload.xr	116	133	8	FastResult	Ok	constructor	ACCEPT	tests/aot/filetests/cgen/adt_match_static_tag_payload.xr	2	FastResult	same-module	reviewed	payload declaration tests/aot/filetests/cgen/adt_match_static_tag_payload.xr:2	9a44ede5e692d0952e3577fec42c77e7facda38f04d4ff1152d4782e560cec9c
0f5b4f634bfefb7ad3e8e1494ce2995ae52df976	tests/aot/filetests/cgen/adt_match_static_tag_payload.xr	151	168	10	FastResult	Err	constructor	ACCEPT	tests/aot/filetests/cgen/adt_match_static_tag_payload.xr	3	FastResult	same-module	reviewed	payload declaration tests/aot/filetests/cgen/adt_match_static_tag_payload.xr:3	3383531fe0915d0af8a443219cad01ca49f8fa84106b7926495d98bdac7bde2d
0f5b4f634bfefb7ad3e8e1494ce2995ae52df976	tests/aot/filetests/cgen/adt_match_static_tag_payload.xr	255	275	16	FastResult	Ok	pattern-direct	ACCEPT	tests/aot/filetests/cgen/adt_match_static_tag_payload.xr	2	FastResult	same-module	reviewed	payload declaration tests/aot/filetests/cgen/adt_match_static_tag_payload.xr:2	1ef0b321ef20a4b9e88996314048ce6a0b1af88401bc5395b5d7fa7e4a79be0c
0f5b4f634bfefb7ad3e8e1494ce2995ae52df976	tests/aot/filetests/cgen/adt_match_static_tag_payload.xr	328	348	19	FastResult	Err	pattern-direct	ACCEPT	tests/aot/filetests/cgen/adt_match_static_tag_payload.xr	3	FastResult	same-module	reviewed	payload declaration tests/aot/filetests/cgen/adt_match_static_tag_payload.xr:3	deb0b66e4fbe9a526f553a9f0ba47ddfeabd2ed238f85642817401dc8c989b40
0f5b4f634bfefb7ad3e8e1494ce2995ae52df976	tests/aot/filetests/cgen/adt_payload_class_exact_type_check.xr	177	197	15	Payload	Item	constructor	ACCEPT	tests/aot/filetests/cgen/adt_payload_class_exact_type_check.xr	10	Payload	same-module	reviewed	payload declaration tests/aot/filetests/cgen/adt_payload_class_exact_type_check.xr:10	0a315fabe7c108a760ad1ff674a24815573e0807dc4cc8fd7c401e9ca89830f0
0f5b4f634bfefb7ad3e8e1494ce2995ae52df976	tests/aot/filetests/cgen/adt_payload_class_exact_type_check.xr	276	293	21	Payload	Item	pattern-direct	ACCEPT	tests/aot/filetests/cgen/adt_payload_class_exact_type_check.xr	10	Payload	same-module	reviewed	payload declaration tests/aot/filetests/cgen/adt_payload_class_exact_type_check.xr:10	9f8bdd22ceaf3cb315a3aef15cf7d054781fd41b7946a8d7844d50bf26b51850
0f5b4f634bfefb7ad3e8e1494ce2995ae52df976	tests/aot/filetests/cgen/adt_print_multi_payload_boxed.xr	93	116	7	PairResult	Pair	constructor	ACCEPT	tests/aot/filetests/cgen/adt_print_multi_payload_boxed.xr	2	PairResult	same-module	reviewed	payload declaration tests/aot/filetests/cgen/adt_print_multi_payload_boxed.xr:2	bb7fb6dd740970e01c05dfa0cce810f3bb767ceb47c7f25ab5dedd71eede0a1f
0f5b4f634bfefb7ad3e8e1494ce2995ae52df976	tests/aot/filetests/cgen/coro_transitive_enum_owned_result.xr	273	311	24	Outcome	Echo	constructor	ACCEPT	tests/aot/filetests/cgen/coro_transitive_enum_owned_result.xr	10	Outcome	same-module	reviewed	payload declaration tests/aot/filetests/cgen/coro_transitive_enum_owned_result.xr:10	098dab15248efebc191a4d6b127e2640def54086ad5508859bf6da4f03c6a570
0f5b4f634bfefb7ad3e8e1494ce2995ae52df976	tests/aot/filetests/cgen/coro_transitive_enum_owned_result.xr	425	464	32	Outcome	Echo	pattern-direct	ACCEPT	tests/aot/filetests/cgen/coro_transitive_enum_owned_result.xr	10	Outcome	same-module	reviewed	payload declaration tests/aot/filetests/cgen/coro_transitive_enum_owned_result.xr:10	71351cb39290f093e3f38b95422c4902f2f58807d38f6ca7eca9014c3ade5457
0f5b4f634bfefb7ad3e8e1494ce2995ae52df976	tests/aot/filetests/cgen/imported_enum_guard.xr	182	213	5	ImportedGuardError	Failed	pattern-direct	ACCEPT	tests/aot/filetests/cgen/_imported_enum_guard_lib.xr	2	ImportedGuardError	import->module-export	reviewed	payload declaration tests/aot/filetests/cgen/_imported_enum_guard_lib.xr:2	5654f73f8756be75fae22bd13131e9cc2fac5784cbe0d995fed9698823b349aa
0f5b4f634bfefb7ad3e8e1494ce2995ae52df976	tests/aot/filetests/cgen/map_get_payload_enum_direct_return.xr	192	207	11	Item	Number	constructor	ACCEPT	tests/aot/filetests/cgen/map_get_payload_enum_direct_return.xr	3	Item	same-module	reviewed	payload declaration tests/aot/filetests/cgen/map_get_payload_enum_direct_return.xr:3	dca9080097351c256bdfd97096f362205b01f5a099ee5f1292ce0824f440aeaa
0f5b4f634bfefb7ad3e8e1494ce2995ae52df976	tests/aot/filetests/link/core_language_runtime_boundary.xr	106	125	10	LangErr	Msg	constructor	ACCEPT	tests/aot/filetests/link/core_language_runtime_boundary.xr	2	LangErr	same-module	reviewed	payload declaration tests/aot/filetests/link/core_language_runtime_boundary.xr:2	010453bcd27c19378bffadef6fd6c91e64d9fd03caa97c173fe3600e9eaa1fb6
0f5b4f634bfefb7ad3e8e1494ce2995ae52df976	tests/aot/filetests/link/freestanding_enum_payload_error_channel.xr	136	148	12	FsErr	Bad	constructor	ACCEPT	tests/aot/filetests/link/freestanding_enum_payload_error_channel.xr	2	FsErr	same-module	reviewed	payload declaration tests/aot/filetests/link/freestanding_enum_payload_error_channel.xr:2	6d27ff4be72c0e90ec6c139fe82f721735eb37411d20feac71e8389250b9cf56
0f5b4f634bfefb7ad3e8e1494ce2995ae52df976	tests/aot/filetests/link/freestanding_enum_payload_error_channel.xr	391	406	24	FsErr	Bad	pattern-direct	ACCEPT	tests/aot/filetests/link/freestanding_enum_payload_error_channel.xr	2	FsErr	same-module	reviewed	payload declaration tests/aot/filetests/link/freestanding_enum_payload_error_channel.xr:2	1c773cc81e689d32d2443b3f60f504434d88c74fffc63cf8e7cbb9a06f534d7f
0f5b4f634bfefb7ad3e8e1494ce2995ae52df976	tests/aot/filetests/link/freestanding_enum_payload_untyped_catch_reject.xr	89	101	7	FsErr	Bad	constructor	ACCEPT	tests/aot/filetests/link/freestanding_enum_payload_untyped_catch_reject.xr	2	FsErr	same-module	reviewed	payload declaration tests/aot/filetests/link/freestanding_enum_payload_untyped_catch_reject.xr:2	6d27ff4be72c0e90ec6c139fe82f721735eb37411d20feac71e8389250b9cf56
0f5b4f634bfefb7ad3e8e1494ce2995ae52df976	tests/aot/filetests/link/freestanding_enum_payload_value.xr	112	129	8	FastResult	Ok	constructor	ACCEPT	tests/aot/filetests/link/freestanding_enum_payload_value.xr	2	FastResult	same-module	reviewed	payload declaration tests/aot/filetests/link/freestanding_enum_payload_value.xr:2	9a44ede5e692d0952e3577fec42c77e7facda38f04d4ff1152d4782e560cec9c
0f5b4f634bfefb7ad3e8e1494ce2995ae52df976	tests/aot/filetests/link/freestanding_enum_payload_value.xr	147	164	10	FastResult	Err	constructor	ACCEPT	tests/aot/filetests/link/freestanding_enum_payload_value.xr	3	FastResult	same-module	reviewed	payload declaration tests/aot/filetests/link/freestanding_enum_payload_value.xr:3	3383531fe0915d0af8a443219cad01ca49f8fa84106b7926495d98bdac7bde2d
0f5b4f634bfefb7ad3e8e1494ce2995ae52df976	tests/aot/filetests/link/freestanding_enum_payload_value.xr	266	286	16	FastResult	Ok	pattern-direct	ACCEPT	tests/aot/filetests/link/freestanding_enum_payload_value.xr	2	FastResult	same-module	reviewed	payload declaration tests/aot/filetests/link/freestanding_enum_payload_value.xr:2	1ef0b321ef20a4b9e88996314048ce6a0b1af88401bc5395b5d7fa7e4a79be0c
0f5b4f634bfefb7ad3e8e1494ce2995ae52df976	tests/aot/filetests/link/freestanding_enum_payload_value.xr	339	359	19	FastResult	Err	pattern-direct	ACCEPT	tests/aot/filetests/link/freestanding_enum_payload_value.xr	3	FastResult	same-module	reviewed	payload declaration tests/aot/filetests/link/freestanding_enum_payload_value.xr:3	deb0b66e4fbe9a526f553a9f0ba47ddfeabd2ed238f85642817401dc8c989b40
0f5b4f634bfefb7ad3e8e1494ce2995ae52df976	tests/aot/modules/coro_lib.xr	163	176	8	Recv	Value	pattern-direct	ACCEPT	stdlib/types/channel.xr	4	Recv	builtin-symbol	reviewed	payload declaration stdlib/types/channel.xr:4	78804a8dd69390e491f49c05a5b08e146f6fda37898bced2f45d6719896a1289
0f5b4f634bfefb7ad3e8e1494ce2995ae52df976	tests/aot/modules/enum_payload_import_dep.xr	356	399	19	SharedResult	Ok	constructor	ACCEPT	tests/aot/modules/enum_payload_import_dep.xr	9	SharedResult	same-module	reviewed	payload declaration tests/aot/modules/enum_payload_import_dep.xr:9	bc9bc4c6247f440d854d6c0474e10c7d45cce18f6a0c2600914d810a1ffa9b9a
0f5b4f634bfefb7ad3e8e1494ce2995ae52df976	tests/aot/modules/enum_payload_import_dep.xr	402	446	19	SharedResult	Err	constructor	ACCEPT	tests/aot/modules/enum_payload_import_dep.xr	10	SharedResult	same-module	reviewed	payload declaration tests/aot/modules/enum_payload_import_dep.xr:10	ce7f25bc3a025fd78222d08ea8789c05ed0f87195d64235895a068fd516819d3
0f5b4f634bfefb7ad3e8e1494ce2995ae52df976	tests/aot/modules/enum_payload_import_dep.xr	419	445	19	SharedError	Invalid	constructor	ACCEPT	tests/aot/modules/enum_payload_import_dep.xr	3	SharedError	same-module	reviewed	payload declaration tests/aot/modules/enum_payload_import_dep.xr:3	371df9be4b41e536dd0ca6fad8349ebf56bdcabc820427ec9675c87e2adec28a
0f5b4f634bfefb7ad3e8e1494ce2995ae52df976	tests/aot/modules/enum_payload_import_dep.xr	545	567	24	SharedResult	Ok	pattern-direct	ACCEPT	tests/aot/modules/enum_payload_import_dep.xr	9	SharedResult	same-module	reviewed	payload declaration tests/aot/modules/enum_payload_import_dep.xr:9	45351f556e28c57d9f108cc7a2514b6b1b1c9eeb3d18c1bf63ccb0b428f90663
0f5b4f634bfefb7ad3e8e1494ce2995ae52df976	tests/aot/modules/enum_payload_import_dep.xr	572	596	24	MirroredResult	Ok	constructor	ACCEPT	tests/aot/modules/enum_payload_import_dep.xr	14	MirroredResult	same-module	reviewed	payload declaration tests/aot/modules/enum_payload_import_dep.xr:14	6cf2cec7ba979af1fec38511c596a7b288e0ef82bcadfbc43e55da1490ec5f57
0f5b4f634bfefb7ad3e8e1494ce2995ae52df976	tests/aot/modules/enum_payload_import_dep.xr	605	628	25	SharedResult	Err	pattern-direct	ACCEPT	tests/aot/modules/enum_payload_import_dep.xr	10	SharedResult	same-module	reviewed	payload declaration tests/aot/modules/enum_payload_import_dep.xr:10	1c0b715bdc0ddedf3892721d5a156d57530f641aae7705613cd9d7d76139767b
0f5b4f634bfefb7ad3e8e1494ce2995ae52df976	tests/aot/modules/enum_payload_import_dep.xr	632	657	25	MirroredResult	Err	constructor	ACCEPT	tests/aot/modules/enum_payload_import_dep.xr	15	MirroredResult	same-module	reviewed	payload declaration tests/aot/modules/enum_payload_import_dep.xr:15	444908efee1913506f2c3087e246c882b6658e25e3fd2c788aa837c736e8b444
0f5b4f634bfefb7ad3e8e1494ce2995ae52df976	tests/aot/modules/enum_result_lib.xr	199	216	10	FastResult	Ok	constructor	ACCEPT	tests/aot/modules/enum_result_lib.xr	4	FastResult	same-module	reviewed	payload declaration tests/aot/modules/enum_result_lib.xr:4	9a44ede5e692d0952e3577fec42c77e7facda38f04d4ff1152d4782e560cec9c
0f5b4f634bfefb7ad3e8e1494ce2995ae52df976	tests/aot/modules/enum_result_lib.xr	234	251	12	FastResult	Err	constructor	ACCEPT	tests/aot/modules/enum_result_lib.xr	5	FastResult	same-module	reviewed	payload declaration tests/aot/modules/enum_result_lib.xr:5	3383531fe0915d0af8a443219cad01ca49f8fa84106b7926495d98bdac7bde2d
0f5b4f634bfefb7ad3e8e1494ce2995ae52df976	tests/aot/modules/import_enum_result.xr	218	238	8	FastResult	Ok	pattern-direct	ACCEPT	tests/aot/modules/enum_result_lib.xr	4	FastResult	import->module-export	reviewed	payload declaration tests/aot/modules/enum_result_lib.xr:4	1ef0b321ef20a4b9e88996314048ce6a0b1af88401bc5395b5d7fa7e4a79be0c
0f5b4f634bfefb7ad3e8e1494ce2995ae52df976	tests/aot/modules/import_enum_result.xr	291	311	11	FastResult	Err	pattern-direct	ACCEPT	tests/aot/modules/enum_result_lib.xr	5	FastResult	import->module-export	reviewed	payload declaration tests/aot/modules/enum_result_lib.xr:5	deb0b66e4fbe9a526f553a9f0ba47ddfeabd2ed238f85642817401dc8c989b40
0f5b4f634bfefb7ad3e8e1494ce2995ae52df976	tests/aot/modules/import_reexport_enum_error.xr	119	158	5	ReexportError	Invalid	pattern-catch	ACCEPT	tests/aot/modules/reexport_enum_error_lib.xr	2	ReexportError	import->reexport->module-export	reviewed	payload declaration tests/aot/modules/reexport_enum_error_lib.xr:2	0da3f4621f333341b40d488e5e672263403de30bd0b75648979568d47a5a8c22
0f5b4f634bfefb7ad3e8e1494ce2995ae52df976	tests/aot/modules/imported_enum_payload_type.xr	312	336	7	MirroredResult	Ok	pattern-direct	ACCEPT	tests/aot/modules/enum_payload_import_dep.xr	14	MirroredResult	import->module-export	reviewed	payload declaration tests/aot/modules/enum_payload_import_dep.xr:14	6cf2cec7ba979af1fec38511c596a7b288e0ef82bcadfbc43e55da1490ec5f57
0f5b4f634bfefb7ad3e8e1494ce2995ae52df976	tests/aot/modules/imported_enum_payload_type.xr	352	377	8	MirroredResult	Err	pattern-direct	ACCEPT	tests/aot/modules/enum_payload_import_dep.xr	15	MirroredResult	import->module-export	reviewed	payload declaration tests/aot/modules/enum_payload_import_dep.xr:15	444908efee1913506f2c3087e246c882b6658e25e3fd2c788aa837c736e8b444
0f5b4f634bfefb7ad3e8e1494ce2995ae52df976	tests/aot/modules/reexport_enum_error_lib.xr	95	124	6	ReexportError	Invalid	constructor	ACCEPT	tests/aot/modules/reexport_enum_error_lib.xr	2	ReexportError	same-module	reviewed	payload declaration tests/aot/modules/reexport_enum_error_lib.xr:2	067d8ab0aaa6d7f4a70ec7f3c75f8341e24407532822606a3340abe071d0798c
0f5b4f634bfefb7ad3e8e1494ce2995ae52df976	tests/aot/negative/coro_try_catch.xr	121	134	9	AppErr	Bad	constructor	ACCEPT	tests/aot/negative/coro_try_catch.xr	2	AppErr	same-module	reviewed	payload declaration tests/aot/negative/coro_try_catch.xr:2	149c984cd18aa216b9c4bd572e49af9247a770386b79f8802e9694830ad6aecb
0f5b4f634bfefb7ad3e8e1494ce2995ae52df976	tests/benchmarks/coro/chameneos/chameneos.xr	1354	1371	43	Recv	Value	pattern-direct	ACCEPT	stdlib/types/channel.xr	4	Recv	builtin-symbol	reviewed	payload declaration stdlib/types/channel.xr:4	1ef8f9d0be069ca601cdd76ca1aff8602e8f2c0020bb19ec7368ef92f43967ee
0f5b4f634bfefb7ad3e8e1494ce2995ae52df976	tests/benchmarks/coro/chameneos/chameneos.xr	1678	1695	54	Recv	Value	pattern-direct	ACCEPT	stdlib/types/channel.xr	4	Recv	builtin-symbol	reviewed	payload declaration stdlib/types/channel.xr:4	83269e69ac264112c74d2260cff9bc12df5f814d4993ef72a882b9da00f3973a
0f5b4f634bfefb7ad3e8e1494ce2995ae52df976	tests/benchmarks/coro/chameneos/chameneos.xr	1761	1779	56	Recv	Value	pattern-direct	ACCEPT	stdlib/types/channel.xr	4	Recv	builtin-symbol	reviewed	payload declaration stdlib/types/channel.xr:4	6e22071057cb1b8fa547b575e6c69f9bc92e6352a1f8d456a35b9a641a16c057
0f5b4f634bfefb7ad3e8e1494ce2995ae52df976	tests/benchmarks/coro/chameneos/chameneos.xr	2252	2267	71	Recv	Value	pattern-direct	ACCEPT	stdlib/types/channel.xr	4	Recv	builtin-symbol	reviewed	payload declaration stdlib/types/channel.xr:4	439c8ed1cba7e3adbd4a55c4a8e263f701c93dadabe32542173cdf3e4316dd17
0f5b4f634bfefb7ad3e8e1494ce2995ae52df976	tests/benchmarks/coro/concurrent_sieve/concurrent_sieve.xr	375	392	17	Recv	Value	pattern-direct	ACCEPT	stdlib/types/channel.xr	4	Recv	builtin-symbol	reviewed	payload declaration stdlib/types/channel.xr:4	1ef8f9d0be069ca601cdd76ca1aff8602e8f2c0020bb19ec7368ef92f43967ee
0f5b4f634bfefb7ad3e8e1494ce2995ae52df976	tests/benchmarks/coro/dining_philosophers/dining_philosophers.xr	788	805	33	Recv	Value	pattern-direct	ACCEPT	stdlib/types/channel.xr	4	Recv	builtin-symbol	reviewed	payload declaration stdlib/types/channel.xr:4	1ef8f9d0be069ca601cdd76ca1aff8602e8f2c0020bb19ec7368ef92f43967ee
0f5b4f634bfefb7ad3e8e1494ce2995ae52df976	tests/benchmarks/coro/fanout/fanout.xr	529	546	24	Recv	Value	pattern-direct	ACCEPT	stdlib/types/channel.xr	4	Recv	builtin-symbol	reviewed	payload declaration stdlib/types/channel.xr:4	1ef8f9d0be069ca601cdd76ca1aff8602e8f2c0020bb19ec7368ef92f43967ee
0f5b4f634bfefb7ad3e8e1494ce2995ae52df976	tests/benchmarks/coro/fanout/fanout.xr	705	721	34	Recv	Value	pattern-direct	ACCEPT	stdlib/types/channel.xr	4	Recv	builtin-symbol	reviewed	payload declaration stdlib/types/channel.xr:4	5fb29936777481e32de2ee4976b22ae8b18b2f04ee52f6cb42ed17dd8ab9dfa3
0f5b4f634bfefb7ad3e8e1494ce2995ae52df976	tests/benchmarks/coro/pingpong/pingpong.xr	380	397	17	Recv	Value	pattern-direct	ACCEPT	stdlib/types/channel.xr	4	Recv	builtin-symbol	reviewed	payload declaration stdlib/types/channel.xr:4	1ef8f9d0be069ca601cdd76ca1aff8602e8f2c0020bb19ec7368ef92f43967ee
0f5b4f634bfefb7ad3e8e1494ce2995ae52df976	tests/benchmarks/coro/pipeline/pipeline.xr	501	518	22	Recv	Value	pattern-direct	ACCEPT	stdlib/types/channel.xr	4	Recv	builtin-symbol	reviewed	payload declaration stdlib/types/channel.xr:4	1ef8f9d0be069ca601cdd76ca1aff8602e8f2c0020bb19ec7368ef92f43967ee
0f5b4f634bfefb7ad3e8e1494ce2995ae52df976	tests/benchmarks/coro/producer_consumer/producer_consumer.xr	674	691	29	Recv	Value	pattern-direct	ACCEPT	stdlib/types/channel.xr	4	Recv	builtin-symbol	reviewed	payload declaration stdlib/types/channel.xr:4	1ef8f9d0be069ca601cdd76ca1aff8602e8f2c0020bb19ec7368ef92f43967ee
0f5b4f634bfefb7ad3e8e1494ce2995ae52df976	tests/benchmarks/coro/ring/ring.xr	419	436	21	Recv	Value	pattern-direct	ACCEPT	stdlib/types/channel.xr	4	Recv	builtin-symbol	reviewed	payload declaration stdlib/types/channel.xr:4	1ef8f9d0be069ca601cdd76ca1aff8602e8f2c0020bb19ec7368ef92f43967ee
0f5b4f634bfefb7ad3e8e1494ce2995ae52df976	tests/benchmarks/coro/skynet/skynet.xr	212	229	10	Recv	Value	pattern-direct	ACCEPT	stdlib/types/channel.xr	4	Recv	builtin-symbol	reviewed	payload declaration stdlib/types/channel.xr:4	1ef8f9d0be069ca601cdd76ca1aff8602e8f2c0020bb19ec7368ef92f43967ee
0f5b4f634bfefb7ad3e8e1494ce2995ae52df976	tests/benchmarks/coro/skynet/skynet_channel.xr	231	248	9	Recv	Value	pattern-direct	ACCEPT	stdlib/types/channel.xr	4	Recv	builtin-symbol	reviewed	payload declaration stdlib/types/channel.xr:4	1ef8f9d0be069ca601cdd76ca1aff8602e8f2c0020bb19ec7368ef92f43967ee
0f5b4f634bfefb7ad3e8e1494ce2995ae52df976	tests/benchmarks/coro/starvation/starvation.xr	658	675	25	Recv	Value	pattern-direct	ACCEPT	stdlib/types/channel.xr	4	Recv	builtin-symbol	reviewed	payload declaration stdlib/types/channel.xr:4	1ef8f9d0be069ca601cdd76ca1aff8602e8f2c0020bb19ec7368ef92f43967ee
0f5b4f634bfefb7ad3e8e1494ce2995ae52df976	tests/benchmarks/coro/thundering_herd/thundering_herd.xr	512	527	23	Recv	Value	pattern-direct	ACCEPT	stdlib/types/channel.xr	4	Recv	builtin-symbol	reviewed	payload declaration stdlib/types/channel.xr:4	57e0e8785393332530d5f4a12eb2143cab093f6c761eeeafb2a6d9e9c28b0ebf
0f5b4f634bfefb7ad3e8e1494ce2995ae52df976	tests/benchmarks/coro/timeout_storm/timeout_storm.xr	379	392	16	Recv	Value	pattern-direct	ACCEPT	stdlib/types/channel.xr	4	Recv	builtin-symbol	reviewed	payload declaration stdlib/types/channel.xr:4	ea84b14783bc1ac962f54996bf3f7346313a485ab793934d78768375060b5234
0f5b4f634bfefb7ad3e8e1494ce2995ae52df976	tests/benchmarks/coro/timeout_storm/timeout_storm.xr	1390	1403	61	Recv	Value	pattern-direct	ACCEPT	stdlib/types/channel.xr	4	Recv	builtin-symbol	reviewed	payload declaration stdlib/types/channel.xr:4	78804a8dd69390e491f49c05a5b08e146f6fda37898bced2f45d6719896a1289
0f5b4f634bfefb7ad3e8e1494ce2995ae52df976	tests/benchmarks/coro/work_pool/work_pool.xr	589	606	25	Recv	Value	pattern-direct	ACCEPT	stdlib/types/channel.xr	4	Recv	builtin-symbol	reviewed	payload declaration stdlib/types/channel.xr:4	1ef8f9d0be069ca601cdd76ca1aff8602e8f2c0020bb19ec7368ef92f43967ee
0f5b4f634bfefb7ad3e8e1494ce2995ae52df976	tests/benchmarks/coro/work_pool_queue/work_pool_queue.xr	689	706	31	Recv	Value	pattern-direct	ACCEPT	stdlib/types/channel.xr	4	Recv	builtin-symbol	reviewed	payload declaration stdlib/types/channel.xr:4	1ef8f9d0be069ca601cdd76ca1aff8602e8f2c0020bb19ec7368ef92f43967ee
0f5b4f634bfefb7ad3e8e1494ce2995ae52df976	tests/benchmarks/coro/work_pool_result_group/work_pool_result_group.xr	873	890	38	Recv	Value	pattern-direct	ACCEPT	stdlib/types/channel.xr	4	Recv	builtin-symbol	reviewed	payload declaration stdlib/types/channel.xr:4	1ef8f9d0be069ca601cdd76ca1aff8602e8f2c0020bb19ec7368ef92f43967ee
0f5b4f634bfefb7ad3e8e1494ce2995ae52df976	tests/builtin_probes/channel.xr	76	89	3	Recv	Value	pattern-direct	ACCEPT	stdlib/types/channel.xr	4	Recv	builtin-symbol	reviewed	payload declaration stdlib/types/channel.xr:4	8815c3349202a3281c2164d133df3389827fd2086515419aedbe9cd528eabea9
0f5b4f634bfefb7ad3e8e1494ce2995ae52df976	tests/builtin_probes/error.xr	109	133	5	ProbeErr	Failed	constructor	ACCEPT	tests/builtin_probes/error.xr	1	ProbeErr	same-module	reviewed	payload declaration tests/builtin_probes/error.xr:1	4747e7eedc39551c50bbd0095c0e28699c5c2e7271f6fec22c6e634732751d85
0f5b4f634bfefb7ad3e8e1494ce2995ae52df976	tests/builtin_probes/recv.xr	86	99	4	Recv	Value	pattern-direct	ACCEPT	stdlib/types/channel.xr	4	Recv	builtin-symbol	reviewed	payload declaration stdlib/types/channel.xr:4	8815c3349202a3281c2164d133df3389827fd2086515419aedbe9cd528eabea9
0f5b4f634bfefb7ad3e8e1494ce2995ae52df976	tests/builtin_probes/taskresult.xr	113	134	4	TaskResult	Success	pattern-direct	ACCEPT	stdlib/types/coroutine.xr	4	TaskResult	builtin-symbol	reviewed	payload declaration stdlib/types/coroutine.xr:4	4ac84991b6cf36c7c81cd63374510d830d44c9c35a71808335fe33876de5f579
0f5b4f634bfefb7ad3e8e1494ce2995ae52df976	tests/compile_errors/concurrency/defer_suspend_indirect_rejected.xr	172	185	5	Recv	Value	pattern-direct	ACCEPT	stdlib/types/channel.xr	4	Recv	builtin-symbol	reviewed	payload declaration stdlib/types/channel.xr:4	78804a8dd69390e491f49c05a5b08e146f6fda37898bced2f45d6719896a1289
0f5b4f634bfefb7ad3e8e1494ce2995ae52df976	tests/compile_errors/concurrency/defer_suspend_indirect_rejected.xr	408	424	19	TaskResult	Ok	pattern-direct	REJECT	-	0	-	reviewed-reject:resolved-enum-nonpayload-member	reviewed	reviewed negative fixture uses a nonexistent payload variant	56ca98d3fc7fb4ea523c0d9abb77f7e91abfed35269d2c56d795365e715be45e
0f5b4f634bfefb7ad3e8e1494ce2995ae52df976	tests/compile_errors/concurrency/defer_suspend_rejected.xr	395	411	15	TaskResult	Ok	pattern-direct	REJECT	-	0	-	reviewed-reject:resolved-enum-nonpayload-member	reviewed	reviewed negative fixture uses a nonexistent payload variant	56ca98d3fc7fb4ea523c0d9abb77f7e91abfed35269d2c56d795365e715be45e
0f5b4f634bfefb7ad3e8e1494ce2995ae52df976	tests/compile_errors/ownership/187_match_rejects_unknown_generic_variant.xr	245	256	9	Box	Full	pattern-direct	ACCEPT	tests/compile_errors/ownership/187_match_rejects_unknown_generic_variant.xr	3	Box	same-module	reviewed	payload declaration tests/compile_errors/ownership/187_match_rejects_unknown_generic_variant.xr:3	4b3fea62067bf639052ad332250541dc7a32d1b0b25f6757df9063a6473c82f0
0f5b4f634bfefb7ad3e8e1494ce2995ae52df976	tests/compile_errors/type/097_enum_payload_constructor_arg_type.xr	58	74	6	Result	Ok	constructor	ACCEPT	tests/compile_errors/type/097_enum_payload_constructor_arg_type.xr	2	Result	same-module	reviewed	payload declaration tests/compile_errors/type/097_enum_payload_constructor_arg_type.xr:2	53cc257c37b4b116ab7d046131c0416d61d7b2cec65cda4778dd899c95b15e52
0f5b4f634bfefb7ad3e8e1494ce2995ae52df976	tests/compile_errors/type/span_enum_payload_escape.xr	128	144	8	Hold	Slice	constructor	ACCEPT	tests/compile_errors/type/span_enum_payload_escape.xr	2	Hold	same-module	reviewed	payload declaration tests/compile_errors/type/span_enum_payload_escape.xr:2	61b69d6c1b82668bc6a8a9b948a027ec9143cf6b95f8b044b974b1ceb9726fc2
0f5b4f634bfefb7ad3e8e1494ce2995ae52df976	tests/coroutine_safety/01_channel_deep_copy.xr	198	211	9	Recv	Value	pattern-direct	ACCEPT	stdlib/types/channel.xr	4	Recv	builtin-symbol	reviewed	payload declaration stdlib/types/channel.xr:4	78804a8dd69390e491f49c05a5b08e146f6fda37898bced2f45d6719896a1289
0f5b4f634bfefb7ad3e8e1494ce2995ae52df976	tests/coroutine_safety/02_channel_const_share.xr	211	224	9	Recv	Value	pattern-direct	ACCEPT	stdlib/types/channel.xr	4	Recv	builtin-symbol	reviewed	payload declaration stdlib/types/channel.xr:4	78804a8dd69390e491f49c05a5b08e146f6fda37898bced2f45d6719896a1289
0f5b4f634bfefb7ad3e8e1494ce2995ae52df976	tests/coroutine_safety/04_closure_upvalue.xr	188	201	9	Recv	Value	pattern-direct	ACCEPT	stdlib/types/channel.xr	4	Recv	builtin-symbol	reviewed	payload declaration stdlib/types/channel.xr:4	78804a8dd69390e491f49c05a5b08e146f6fda37898bced2f45d6719896a1289
0f5b4f634bfefb7ad3e8e1494ce2995ae52df976	tests/coroutine_safety/06_producer_consumer.xr	168	181	9	Recv	Value	pattern-direct	ACCEPT	stdlib/types/channel.xr	4	Recv	builtin-symbol	reviewed	payload declaration stdlib/types/channel.xr:4	78804a8dd69390e491f49c05a5b08e146f6fda37898bced2f45d6719896a1289
0f5b4f634bfefb7ad3e8e1494ce2995ae52df976	tests/coroutine_safety/07_broadcast.xr	176	189	9	Recv	Value	pattern-direct	ACCEPT	stdlib/types/channel.xr	4	Recv	builtin-symbol	reviewed	payload declaration stdlib/types/channel.xr:4	78804a8dd69390e491f49c05a5b08e146f6fda37898bced2f45d6719896a1289
0f5b4f634bfefb7ad3e8e1494ce2995ae52df976	tests/coroutine_safety/08_pipeline.xr	165	178	9	Recv	Value	pattern-direct	ACCEPT	stdlib/types/channel.xr	4	Recv	builtin-symbol	reviewed	payload declaration stdlib/types/channel.xr:4	78804a8dd69390e491f49c05a5b08e146f6fda37898bced2f45d6719896a1289
0f5b4f634bfefb7ad3e8e1494ce2995ae52df976	tests/coroutine_safety/09_long_running.xr	253	266	12	Recv	Value	pattern-direct	ACCEPT	stdlib/types/channel.xr	4	Recv	builtin-symbol	reviewed	payload declaration stdlib/types/channel.xr:4	78804a8dd69390e491f49c05a5b08e146f6fda37898bced2f45d6719896a1289
0f5b4f634bfefb7ad3e8e1494ce2995ae52df976	tests/coroutine_safety/09_long_running.xr	398	411	19	Recv	Value	pattern-direct	ACCEPT	stdlib/types/channel.xr	4	Recv	builtin-symbol	reviewed	payload declaration stdlib/types/channel.xr:4	ea84b14783bc1ac962f54996bf3f7346313a485ab793934d78768375060b5234
0f5b4f634bfefb7ad3e8e1494ce2995ae52df976	tests/coroutine_safety/09_long_running.xr	2143	2168	88	TaskResult	Success	pattern-direct	ACCEPT	stdlib/types/coroutine.xr	4	TaskResult	builtin-symbol	reviewed	payload declaration stdlib/types/coroutine.xr:4	81c43206cc8b2bb814da492e9ff62b7f18825eac2b17a9634fee370967f10273
0f5b4f634bfefb7ad3e8e1494ce2995ae52df976	tests/coroutine_safety/10_deadlock_detection.xr	251	264	13	Recv	Value	pattern-direct	ACCEPT	stdlib/types/channel.xr	4	Recv	builtin-symbol	reviewed	payload declaration stdlib/types/channel.xr:4	78804a8dd69390e491f49c05a5b08e146f6fda37898bced2f45d6719896a1289
0f5b4f634bfefb7ad3e8e1494ce2995ae52df976	tests/coroutine_safety/10_deadlock_detection.xr	361	374	20	Recv	Value	pattern-direct	ACCEPT	stdlib/types/channel.xr	4	Recv	builtin-symbol	reviewed	payload declaration stdlib/types/channel.xr:4	78804a8dd69390e491f49c05a5b08e146f6fda37898bced2f45d6719896a1289
0f5b4f634bfefb7ad3e8e1494ce2995ae52df976	tests/coroutine_safety/10_deadlock_detection.xr	501	514	27	Recv	Value	pattern-direct	ACCEPT	stdlib/types/channel.xr	4	Recv	builtin-symbol	reviewed	payload declaration stdlib/types/channel.xr:4	78804a8dd69390e491f49c05a5b08e146f6fda37898bced2f45d6719896a1289
0f5b4f634bfefb7ad3e8e1494ce2995ae52df976	tests/coroutine_safety/11_monitoring_debug.xr	302	315	15	Recv	Value	pattern-direct	ACCEPT	stdlib/types/channel.xr	4	Recv	builtin-symbol	reviewed	payload declaration stdlib/types/channel.xr:4	78804a8dd69390e491f49c05a5b08e146f6fda37898bced2f45d6719896a1289
0f5b4f634bfefb7ad3e8e1494ce2995ae52df976	tests/coroutine_safety/11_monitoring_debug.xr	1272	1297	60	TaskResult	Success	pattern-direct	ACCEPT	stdlib/types/coroutine.xr	4	TaskResult	builtin-symbol	reviewed	payload declaration stdlib/types/coroutine.xr:4	81c43206cc8b2bb814da492e9ff62b7f18825eac2b17a9634fee370967f10273
0f5b4f634bfefb7ad3e8e1494ce2995ae52df976	tests/coroutine_safety/11_monitoring_debug.xr	2833	2873	122	MonDebugErr	Msg	constructor	ACCEPT	tests/coroutine_safety/11_monitoring_debug.xr	11	MonDebugErr	same-module	reviewed	payload declaration tests/coroutine_safety/11_monitoring_debug.xr:11	0c72982a93ee93360f554e4683e507126d8a7eb6ec78478338dab227db491ea1
0f5b4f634bfefb7ad3e8e1494ce2995ae52df976	tests/diff/cases/liveness/busy_poll_progress.xr	723	736	22	Recv	Value	pattern-direct	ACCEPT	stdlib/types/channel.xr	4	Recv	builtin-symbol	reviewed	payload declaration stdlib/types/channel.xr:4	78804a8dd69390e491f49c05a5b08e146f6fda37898bced2f45d6719896a1289
0f5b4f634bfefb7ad3e8e1494ce2995ae52df976	tests/diff/cases/liveness/busy_poll_progress_single_worker.xr	723	736	22	Recv	Value	pattern-direct	ACCEPT	stdlib/types/channel.xr	4	Recv	builtin-symbol	reviewed	payload declaration stdlib/types/channel.xr:4	78804a8dd69390e491f49c05a5b08e146f6fda37898bced2f45d6719896a1289
0f5b4f634bfefb7ad3e8e1494ce2995ae52df976	tests/diff/cases/liveness/cancel_reaches_cpu_loop.xr	733	746	15	Recv	Value	pattern-direct	ACCEPT	stdlib/types/channel.xr	4	Recv	builtin-symbol	reviewed	payload declaration stdlib/types/channel.xr:4	78804a8dd69390e491f49c05a5b08e146f6fda37898bced2f45d6719896a1289
0f5b4f634bfefb7ad3e8e1494ce2995ae52df976	tests/diff/cases/liveness/cancel_responsive_blocking.xr	223	236	7	Recv	Value	pattern-direct	ACCEPT	stdlib/types/channel.xr	4	Recv	builtin-symbol	reviewed	payload declaration stdlib/types/channel.xr:4	78804a8dd69390e491f49c05a5b08e146f6fda37898bced2f45d6719896a1289
0f5b4f634bfefb7ad3e8e1494ce2995ae52df976	tests/diff/cases/liveness/channel_handoff_not_deadlock.xr	392	409	8	Recv	Value	pattern-guard	ACCEPT	stdlib/types/channel.xr	4	Recv	builtin-symbol	reviewed	payload declaration stdlib/types/channel.xr:4	1ef8f9d0be069ca601cdd76ca1aff8602e8f2c0020bb19ec7368ef92f43967ee
0f5b4f634bfefb7ad3e8e1494ce2995ae52df976	tests/diff/cases/liveness/channel_handoff_not_deadlock.xr	451	468	9	Recv	Value	pattern-direct	ACCEPT	stdlib/types/channel.xr	4	Recv	builtin-symbol	reviewed	payload declaration stdlib/types/channel.xr:4	1ef8f9d0be069ca601cdd76ca1aff8602e8f2c0020bb19ec7368ef92f43967ee
0f5b4f634bfefb7ad3e8e1494ce2995ae52df976	tests/diff/cases/liveness/channel_handoff_not_deadlock.xr	830	847	23	Recv	Value	pattern-direct	ACCEPT	stdlib/types/channel.xr	4	Recv	builtin-symbol	reviewed	payload declaration stdlib/types/channel.xr:4	c5f1c7ed157151377fa32389d6e61b8cb2b29226990d77df9b1043a8b1e2d5cc
0f5b4f634bfefb7ad3e8e1494ce2995ae52df976	tests/diff/cases/liveness/deadlock_reported.xr	771	784	15	Recv	Value	pattern-direct	ACCEPT	stdlib/types/channel.xr	4	Recv	builtin-symbol	reviewed	payload declaration stdlib/types/channel.xr:4	78804a8dd69390e491f49c05a5b08e146f6fda37898bced2f45d6719896a1289
0f5b4f634bfefb7ad3e8e1494ce2995ae52df976	tests/diff/cases/liveness/orphan_warned.xr	387	400	9	Recv	Value	pattern-direct	ACCEPT	stdlib/types/channel.xr	4	Recv	builtin-symbol	reviewed	payload declaration stdlib/types/channel.xr:4	78804a8dd69390e491f49c05a5b08e146f6fda37898bced2f45d6719896a1289
0f5b4f634bfefb7ad3e8e1494ce2995ae52df976	tests/diff/cases/match/adt_enum_nonpayload_variant.xr	660	675	20	Shape	Circle	pattern-direct	ACCEPT	tests/diff/cases/match/adt_enum_nonpayload_variant.xr	12	Shape	same-module	reviewed	payload declaration tests/diff/cases/match/adt_enum_nonpayload_variant.xr:12	a8b5245152750aa775116ab341a0d11a73efb51096ff3b4a09066a210f3aeb98
0f5b4f634bfefb7ad3e8e1494ce2995ae52df976	tests/diff/cases/match/adt_enum_nonpayload_variant.xr	709	727	21	Shape	Square	pattern-direct	ACCEPT	tests/diff/cases/match/adt_enum_nonpayload_variant.xr	13	Shape	same-module	reviewed	payload declaration tests/diff/cases/match/adt_enum_nonpayload_variant.xr:13	0b58b51992fa6b53ea4b42be7f3100a8e9844dd806919bde34d2b1c590c8bd03
0f5b4f634bfefb7ad3e8e1494ce2995ae52df976	tests/diff/cases/match/adt_enum_nonpayload_variant.xr	1038	1053	30	Shape	Circle	constructor	ACCEPT	tests/diff/cases/match/adt_enum_nonpayload_variant.xr	12	Shape	same-module	reviewed	payload declaration tests/diff/cases/match/adt_enum_nonpayload_variant.xr:12	8419b9b4cc6f90fd9a6be9d33060924a06ba27d43f57978e3847dbe0a627d747
0f5b4f634bfefb7ad3e8e1494ce2995ae52df976	tests/diff/cases/match/adt_enum_nonpayload_variant.xr	1055	1070	30	Shape	Square	constructor	ACCEPT	tests/diff/cases/match/adt_enum_nonpayload_variant.xr	13	Shape	same-module	reviewed	payload declaration tests/diff/cases/match/adt_enum_nonpayload_variant.xr:13	3d57acca2e761946095cd63c1854e24a5c702672382b61d48f2fe5e0ae8079c9
0f5b4f634bfefb7ad3e8e1494ce2995ae52df976	tests/diff/cases/match/adt_enum_nonpayload_variant.xr	1351	1366	39	Shape	Circle	pattern-direct	ACCEPT	tests/diff/cases/match/adt_enum_nonpayload_variant.xr	12	Shape	same-module	reviewed	payload declaration tests/diff/cases/match/adt_enum_nonpayload_variant.xr:12	a8b5245152750aa775116ab341a0d11a73efb51096ff3b4a09066a210f3aeb98
0f5b4f634bfefb7ad3e8e1494ce2995ae52df976	tests/diff/cases/match/adt_enum_nonpayload_variant.xr	1439	1454	45	Shape	Circle	constructor	ACCEPT	tests/diff/cases/match/adt_enum_nonpayload_variant.xr	12	Shape	same-module	reviewed	payload declaration tests/diff/cases/match/adt_enum_nonpayload_variant.xr:12	1cd73818f5aa2daa8c51acb9aa7a78ddbf83efc99028a2a54f05c07eb33e279c
0f5b4f634bfefb7ad3e8e1494ce2995ae52df976	tests/diff/cases/match/adt_enum_nonpayload_variant.xr	1503	1518	47	Shape	Square	constructor	ACCEPT	tests/diff/cases/match/adt_enum_nonpayload_variant.xr	13	Shape	same-module	reviewed	payload declaration tests/diff/cases/match/adt_enum_nonpayload_variant.xr:13	165b25a8de375e2a8684a092b8e5554e2587097bbde14b0a971731e312aa9c63
0f5b4f634bfefb7ad3e8e1494ce2995ae52df976	tests/diff/cases/match/adt_enum_payload_tostring.xr	615	621	15	E	A	constructor	ACCEPT	tests/diff/cases/match/adt_enum_payload_tostring.xr	11	E	same-module	reviewed	payload declaration tests/diff/cases/match/adt_enum_payload_tostring.xr:11	da07dec10cef7908b202c1c65b8705f53dce7e2f2555ca5c0293a29b9792dfe9
0f5b4f634bfefb7ad3e8e1494ce2995ae52df976	tests/diff/cases/match/adt_enum_payload_tostring.xr	1211	1226	34	P	Pair	constructor	ACCEPT	tests/diff/cases/match/adt_enum_payload_tostring.xr	12	P	same-module	reviewed	payload declaration tests/diff/cases/match/adt_enum_payload_tostring.xr:12	b1447288c1fc5de30376b0cab62a877ac3ae4d9febc1c41ea72188015bf6c0e3
0f5b4f634bfefb7ad3e8e1494ce2995ae52df976	tests/diff/cases/match/adt_enum_payload_tostring.xr	1336	1350	39	W	Wrap	constructor	ACCEPT	tests/diff/cases/match/adt_enum_payload_tostring.xr	13	W	same-module	reviewed	payload declaration tests/diff/cases/match/adt_enum_payload_tostring.xr:13	6d6964835204c2c370d19fb4d92f0225485943771f58b6bebbce687d22753b69
0f5b4f634bfefb7ad3e8e1494ce2995ae52df976	tests/diff/cases/match/adt_enum_payload_tostring.xr	1343	1349	39	E	A	constructor	ACCEPT	tests/diff/cases/match/adt_enum_payload_tostring.xr	11	E	same-module	reviewed	payload declaration tests/diff/cases/match/adt_enum_payload_tostring.xr:11	50667120ebeec4065778a74f4b17260f5884db668b45eb605f1da456b4100caa
0f5b4f634bfefb7ad3e8e1494ce2995ae52df976	tests/diff/cases/match/adt_enum_payload_tostring.xr	1758	1852	53	P	Pair	constructor	ACCEPT	tests/diff/cases/match/adt_enum_payload_tostring.xr	12	P	same-module	reviewed	payload declaration tests/diff/cases/match/adt_enum_payload_tostring.xr:12	be85623529e2b885bff00db839fbdaed9ecb4acec83ee1c8206449726b71bf65
0f5b4f634bfefb7ad3e8e1494ce2995ae52df976	tests/diff/cases/semantics/cleanup/defer_block_scope_exits.xr	342	361	11	BlockErr	Msg	constructor	ACCEPT	tests/diff/cases/semantics/cleanup/defer_block_scope_exits.xr	7	BlockErr	same-module	reviewed	payload declaration tests/diff/cases/semantics/cleanup/defer_block_scope_exits.xr:7	4c9821eeb13737d33ceea89b628048bd45ddcd2dc0ffd7f2980e076f7f4562d4
0f5b4f634bfefb7ad3e8e1494ce2995ae52df976	tests/diff/cases/semantics/cleanup/defer_error_absorbed_inside_body.xr	432	458	10	CleanupErr	Failed	constructor	ACCEPT	tests/diff/cases/semantics/cleanup/defer_error_absorbed_inside_body.xr	6	CleanupErr	same-module	reviewed	payload declaration tests/diff/cases/semantics/cleanup/defer_error_absorbed_inside_body.xr:6	ce044674fd6a45aa2e415700264916f8bf620732c71c7d7eff619d7a01e725c0
0f5b4f634bfefb7ad3e8e1494ce2995ae52df976	tests/diff/cases/semantics/collections/enum_payload_equality.xr	315	321	8	E	A	constructor	ACCEPT	tests/diff/cases/semantics/collections/enum_payload_equality.xr	4	E	same-module	reviewed	payload declaration tests/diff/cases/semantics/collections/enum_payload_equality.xr:4	a2ee9d5ec74d49796c8646d30269295ad8e54e6b0539ee8f240bac01d6914f32
0f5b4f634bfefb7ad3e8e1494ce2995ae52df976	tests/diff/cases/semantics/collections/enum_payload_equality.xr	325	331	8	E	A	constructor	ACCEPT	tests/diff/cases/semantics/collections/enum_payload_equality.xr	4	E	same-module	reviewed	payload declaration tests/diff/cases/semantics/collections/enum_payload_equality.xr:4	a2ee9d5ec74d49796c8646d30269295ad8e54e6b0539ee8f240bac01d6914f32
0f5b4f634bfefb7ad3e8e1494ce2995ae52df976	tests/diff/cases/semantics/collections/enum_payload_equality.xr	343	349	9	E	A	constructor	ACCEPT	tests/diff/cases/semantics/collections/enum_payload_equality.xr	4	E	same-module	reviewed	payload declaration tests/diff/cases/semantics/collections/enum_payload_equality.xr:4	a2ee9d5ec74d49796c8646d30269295ad8e54e6b0539ee8f240bac01d6914f32
0f5b4f634bfefb7ad3e8e1494ce2995ae52df976	tests/diff/cases/semantics/collections/enum_payload_equality.xr	353	359	9	E	A	constructor	ACCEPT	tests/diff/cases/semantics/collections/enum_payload_equality.xr	4	E	same-module	reviewed	payload declaration tests/diff/cases/semantics/collections/enum_payload_equality.xr:4	7eb8b4d175bb860d4c146a3641ce1f07d87db2ec8596e1bba2162e0db64b27cc
0f5b4f634bfefb7ad3e8e1494ce2995ae52df976	tests/diff/cases/semantics/collections/enum_payload_equality.xr	371	379	10	E	B	constructor	ACCEPT	tests/diff/cases/semantics/collections/enum_payload_equality.xr	4	E	same-module	reviewed	payload declaration tests/diff/cases/semantics/collections/enum_payload_equality.xr:4	1dc37e3c46c9d7c2bd5a78490e60823f1440d3b54f2c9e903ce9b12a3604f7b0
0f5b4f634bfefb7ad3e8e1494ce2995ae52df976	tests/diff/cases/semantics/collections/enum_payload_equality.xr	383	391	10	E	B	constructor	ACCEPT	tests/diff/cases/semantics/collections/enum_payload_equality.xr	4	E	same-module	reviewed	payload declaration tests/diff/cases/semantics/collections/enum_payload_equality.xr:4	1dc37e3c46c9d7c2bd5a78490e60823f1440d3b54f2c9e903ce9b12a3604f7b0
0f5b4f634bfefb7ad3e8e1494ce2995ae52df976	tests/diff/cases/semantics/collections/enum_payload_equality.xr	403	411	11	E	B	constructor	ACCEPT	tests/diff/cases/semantics/collections/enum_payload_equality.xr	4	E	same-module	reviewed	payload declaration tests/diff/cases/semantics/collections/enum_payload_equality.xr:4	1dc37e3c46c9d7c2bd5a78490e60823f1440d3b54f2c9e903ce9b12a3604f7b0
0f5b4f634bfefb7ad3e8e1494ce2995ae52df976	tests/diff/cases/semantics/collections/enum_payload_equality.xr	415	423	11	E	B	constructor	ACCEPT	tests/diff/cases/semantics/collections/enum_payload_equality.xr	4	E	same-module	reviewed	payload declaration tests/diff/cases/semantics/collections/enum_payload_equality.xr:4	c1c75db2f22c94fc06e250f1949839967b8e9269d3903ef6a889dc18d0617085
0f5b4f634bfefb7ad3e8e1494ce2995ae52df976	tests/diff/cases/semantics/collections/enum_payload_equality.xr	435	441	12	E	A	constructor	ACCEPT	tests/diff/cases/semantics/collections/enum_payload_equality.xr	4	E	same-module	reviewed	payload declaration tests/diff/cases/semantics/collections/enum_payload_equality.xr:4	a2ee9d5ec74d49796c8646d30269295ad8e54e6b0539ee8f240bac01d6914f32
0f5b4f634bfefb7ad3e8e1494ce2995ae52df976	tests/diff/cases/semantics/collections/enum_payload_equality.xr	489	496	15	K	Id	constructor	ACCEPT	tests/diff/cases/semantics/collections/enum_payload_equality.xr	5	K	same-module	reviewed	payload declaration tests/diff/cases/semantics/collections/enum_payload_equality.xr:5	c73dcfb0c5f28fd199a82f2fb5c3c376dade43c25bc513cd5deaeee926baf865
0f5b4f634bfefb7ad3e8e1494ce2995ae52df976	tests/diff/cases/semantics/collections/enum_payload_equality.xr	512	519	16	K	Id	constructor	ACCEPT	tests/diff/cases/semantics/collections/enum_payload_equality.xr	5	K	same-module	reviewed	payload declaration tests/diff/cases/semantics/collections/enum_payload_equality.xr:5	47135b2c19afbfb4e672e07b4a2865471d4bf3f68fc64a4598db9734de3267e5
0f5b4f634bfefb7ad3e8e1494ce2995ae52df976	tests/diff/cases/semantics/collections/enum_payload_equality.xr	559	566	18	K	Id	constructor	ACCEPT	tests/diff/cases/semantics/collections/enum_payload_equality.xr	5	K	same-module	reviewed	payload declaration tests/diff/cases/semantics/collections/enum_payload_equality.xr:5	c73dcfb0c5f28fd199a82f2fb5c3c376dade43c25bc513cd5deaeee926baf865
0f5b4f634bfefb7ad3e8e1494ce2995ae52df976	tests/diff/cases/semantics/collections/enum_payload_equality.xr	581	588	19	K	Id	constructor	ACCEPT	tests/diff/cases/semantics/collections/enum_payload_equality.xr	5	K	same-module	reviewed	payload declaration tests/diff/cases/semantics/collections/enum_payload_equality.xr:5	47135b2c19afbfb4e672e07b4a2865471d4bf3f68fc64a4598db9734de3267e5
0f5b4f634bfefb7ad3e8e1494ce2995ae52df976	tests/diff/cases/semantics/collections/enum_payload_equality.xr	626	633	22	K	Id	constructor	ACCEPT	tests/diff/cases/semantics/collections/enum_payload_equality.xr	5	K	same-module	reviewed	payload declaration tests/diff/cases/semantics/collections/enum_payload_equality.xr:5	c73dcfb0c5f28fd199a82f2fb5c3c376dade43c25bc513cd5deaeee926baf865
0f5b4f634bfefb7ad3e8e1494ce2995ae52df976	tests/diff/cases/semantics/collections/enum_payload_equality.xr	645	652	23	K	Id	constructor	ACCEPT	tests/diff/cases/semantics/collections/enum_payload_equality.xr	5	K	same-module	reviewed	payload declaration tests/diff/cases/semantics/collections/enum_payload_equality.xr:5	47135b2c19afbfb4e672e07b4a2865471d4bf3f68fc64a4598db9734de3267e5
0f5b4f634bfefb7ad3e8e1494ce2995ae52df976	tests/diff/cases/semantics/collections/enum_payload_equality.xr	664	671	24	K	Id	constructor	ACCEPT	tests/diff/cases/semantics/collections/enum_payload_equality.xr	5	K	same-module	reviewed	payload declaration tests/diff/cases/semantics/collections/enum_payload_equality.xr:5	c73dcfb0c5f28fd199a82f2fb5c3c376dade43c25bc513cd5deaeee926baf865
0f5b4f634bfefb7ad3e8e1494ce2995ae52df976	tests/diff/cases/semantics/coro/await_non_rethrowing_forms_observe.xr	694	715	21	TaskResult	Success	pattern-direct	ACCEPT	stdlib/types/coroutine.xr	4	TaskResult	builtin-symbol	reviewed	payload declaration stdlib/types/coroutine.xr:4	4ac84991b6cf36c7c81cd63374510d830d44c9c35a71808335fe33876de5f579
0f5b4f634bfefb7ad3e8e1494ce2995ae52df976	tests/diff/cases/semantics/coro/await_non_rethrowing_forms_observe.xr	748	768	22	TaskResult	Failed	pattern-direct	ACCEPT	stdlib/types/coroutine.xr	5	TaskResult	builtin-symbol	reviewed	payload declaration stdlib/types/coroutine.xr:5	593d8beaaf154feab828339bb87134ac4979cf8fd9a1f30e30a92b7a269c85e7
0f5b4f634bfefb7ad3e8e1494ce2995ae52df976	tests/diff/cases/semantics/coro/await_non_rethrowing_forms_observe.xr	988	1009	31	TaskResult	Success	pattern-direct	ACCEPT	stdlib/types/coroutine.xr	4	TaskResult	builtin-symbol	reviewed	payload declaration stdlib/types/coroutine.xr:4	4ac84991b6cf36c7c81cd63374510d830d44c9c35a71808335fe33876de5f579
0f5b4f634bfefb7ad3e8e1494ce2995ae52df976	tests/diff/cases/semantics/coro/await_non_rethrowing_forms_observe.xr	1042	1062	32	TaskResult	Failed	pattern-direct	ACCEPT	stdlib/types/coroutine.xr	5	TaskResult	builtin-symbol	reviewed	payload declaration stdlib/types/coroutine.xr:5	593d8beaaf154feab828339bb87134ac4979cf8fd9a1f30e30a92b7a269c85e7
0f5b4f634bfefb7ad3e8e1494ce2995ae52df976	tests/diff/cases/semantics/coro/channel_nonblocking_prelude_enums.xr	393	406	13	Recv	Value	pattern-direct	ACCEPT	stdlib/types/channel.xr	4	Recv	builtin-symbol	reviewed	payload declaration stdlib/types/channel.xr:4	78804a8dd69390e491f49c05a5b08e146f6fda37898bced2f45d6719896a1289
0f5b4f634bfefb7ad3e8e1494ce2995ae52df976	tests/diff/cases/semantics/coro/channel_nonblocking_prelude_enums.xr	505	518	20	Recv	Value	pattern-direct	ACCEPT	stdlib/types/channel.xr	4	Recv	builtin-symbol	reviewed	payload declaration stdlib/types/channel.xr:4	ea84b14783bc1ac962f54996bf3f7346313a485ab793934d78768375060b5234
0f5b4f634bfefb7ad3e8e1494ce2995ae52df976	tests/diff/cases/semantics/coro/coroutine_throws_unit_variant.xr	279	289	11	E2	Code	constructor	ACCEPT	tests/diff/cases/semantics/coro/coroutine_throws_unit_variant.xr	14	E2	same-module	reviewed	payload declaration tests/diff/cases/semantics/coro/coroutine_throws_unit_variant.xr:14	562392162df2d535070340491ce9595c9e43895e134f1b71a9c88b78ba2be711
0f5b4f634bfefb7ad3e8e1494ce2995ae52df976	tests/diff/cases/semantics/coro/coroutine_throws_unit_variant.xr	364	384	18	TaskResult	Failed	pattern-direct	ACCEPT	stdlib/types/coroutine.xr	5	TaskResult	builtin-symbol	reviewed	payload declaration stdlib/types/coroutine.xr:5	593d8beaaf154feab828339bb87134ac4979cf8fd9a1f30e30a92b7a269c85e7
0f5b4f634bfefb7ad3e8e1494ce2995ae52df976	tests/diff/cases/semantics/coro/coroutine_throws_unit_variant.xr	501	521	24	TaskResult	Failed	pattern-direct	ACCEPT	stdlib/types/coroutine.xr	5	TaskResult	builtin-symbol	reviewed	payload declaration stdlib/types/coroutine.xr:5	593d8beaaf154feab828339bb87134ac4979cf8fd9a1f30e30a92b7a269c85e7
0f5b4f634bfefb7ad3e8e1494ce2995ae52df976	tests/diff/cases/semantics/coro/defer_runs_on_cancel.xr	482	495	17	Recv	Value	pattern-direct	ACCEPT	stdlib/types/channel.xr	4	Recv	builtin-symbol	reviewed	payload declaration stdlib/types/channel.xr:4	78804a8dd69390e491f49c05a5b08e146f6fda37898bced2f45d6719896a1289
0f5b4f634bfefb7ad3e8e1494ce2995ae52df976	tests/diff/cases/semantics/coro/deterministic_timer_schedule_order.xr	345	358	10	Recv	Value	pattern-direct	ACCEPT	stdlib/types/channel.xr	4	Recv	builtin-symbol	reviewed	payload declaration stdlib/types/channel.xr:4	78804a8dd69390e491f49c05a5b08e146f6fda37898bced2f45d6719896a1289
0f5b4f634bfefb7ad3e8e1494ce2995ae52df976	tests/diff/cases/semantics/coro/inline_match_try_recv_heap.xr	469	482	12	Recv	Value	pattern-direct	ACCEPT	stdlib/types/channel.xr	4	Recv	builtin-symbol	reviewed	payload declaration stdlib/types/channel.xr:4	78804a8dd69390e491f49c05a5b08e146f6fda37898bced2f45d6719896a1289
0f5b4f634bfefb7ad3e8e1494ce2995ae52df976	tests/diff/cases/semantics/coro/inline_match_try_recv_heap.xr	544	557	16	Recv	Value	pattern-direct	ACCEPT	stdlib/types/channel.xr	4	Recv	builtin-symbol	reviewed	payload declaration stdlib/types/channel.xr:4	78804a8dd69390e491f49c05a5b08e146f6fda37898bced2f45d6719896a1289
0f5b4f634bfefb7ad3e8e1494ce2995ae52df976	tests/diff/cases/semantics/coro/lazy_string_boundary.xr	382	395	12	Recv	Value	pattern-direct	ACCEPT	stdlib/types/channel.xr	4	Recv	builtin-symbol	reviewed	payload declaration stdlib/types/channel.xr:4	78804a8dd69390e491f49c05a5b08e146f6fda37898bced2f45d6719896a1289
0f5b4f634bfefb7ad3e8e1494ce2995ae52df976	tests/diff/cases/semantics/coro/poll_try_recv_safepoint.xr	315	328	8	Recv	Value	pattern-direct	ACCEPT	stdlib/types/channel.xr	4	Recv	builtin-symbol	reviewed	payload declaration stdlib/types/channel.xr:4	78804a8dd69390e491f49c05a5b08e146f6fda37898bced2f45d6719896a1289
0f5b4f634bfefb7ad3e8e1494ce2995ae52df976	tests/diff/cases/semantics/coro/poll_try_recv_safepoint.xr	737	750	32	Recv	Value	pattern-direct	ACCEPT	stdlib/types/channel.xr	4	Recv	builtin-symbol	reviewed	payload declaration stdlib/types/channel.xr:4	78804a8dd69390e491f49c05a5b08e146f6fda37898bced2f45d6719896a1289
0f5b4f634bfefb7ad3e8e1494ce2995ae52df976	tests/diff/cases/semantics/coro/poll_try_send_safepoint.xr	745	758	33	Recv	Value	pattern-direct	ACCEPT	stdlib/types/channel.xr	4	Recv	builtin-symbol	reviewed	payload declaration stdlib/types/channel.xr:4	78804a8dd69390e491f49c05a5b08e146f6fda37898bced2f45d6719896a1289
0f5b4f634bfefb7ad3e8e1494ce2995ae52df976	tests/diff/cases/semantics/coro/poll_try_send_safepoint.xr	827	840	37	Recv	Value	pattern-direct	ACCEPT	stdlib/types/channel.xr	4	Recv	builtin-symbol	reviewed	payload declaration stdlib/types/channel.xr:4	78804a8dd69390e491f49c05a5b08e146f6fda37898bced2f45d6719896a1289
0f5b4f634bfefb7ad3e8e1494ce2995ae52df976	tests/diff/cases/semantics/coro/scope_child_failure_isolation.xr	161	190	10	DiffScopeErr	Msg	constructor	ACCEPT	tests/diff/cases/semantics/coro/scope_child_failure_isolation.xr	1	DiffScopeErr	same-module	reviewed	payload declaration tests/diff/cases/semantics/coro/scope_child_failure_isolation.xr:1	95e74a0c1461728d61a8124cef0a262c9e2ded21c860f15303dc33e2f5220b84
0f5b4f634bfefb7ad3e8e1494ce2995ae52df976	tests/diff/cases/semantics/coro/scope_child_failure_isolation.xr	352	365	18	Recv	Value	pattern-direct	ACCEPT	stdlib/types/channel.xr	4	Recv	builtin-symbol	reviewed	payload declaration stdlib/types/channel.xr:4	78804a8dd69390e491f49c05a5b08e146f6fda37898bced2f45d6719896a1289
0f5b4f634bfefb7ad3e8e1494ce2995ae52df976	tests/diff/cases/semantics/coro/select_send_transfer.xr	849	862	29	Recv	Value	pattern-direct	ACCEPT	stdlib/types/channel.xr	4	Recv	builtin-symbol	reviewed	payload declaration stdlib/types/channel.xr:4	78804a8dd69390e491f49c05a5b08e146f6fda37898bced2f45d6719896a1289
0f5b4f634bfefb7ad3e8e1494ce2995ae52df976	tests/diff/cases/semantics/coro/select_send_transfer.xr	918	931	30	Recv	Value	pattern-direct	ACCEPT	stdlib/types/channel.xr	4	Recv	builtin-symbol	reviewed	payload declaration stdlib/types/channel.xr:4	78804a8dd69390e491f49c05a5b08e146f6fda37898bced2f45d6719896a1289
0f5b4f634bfefb7ad3e8e1494ce2995ae52df976	tests/diff/cases/semantics/coro/select_send_transfer.xr	988	1001	31	Recv	Value	pattern-direct	ACCEPT	stdlib/types/channel.xr	4	Recv	builtin-symbol	reviewed	payload declaration stdlib/types/channel.xr:4	78804a8dd69390e491f49c05a5b08e146f6fda37898bced2f45d6719896a1289
0f5b4f634bfefb7ad3e8e1494ce2995ae52df976	tests/diff/cases/semantics/coro/suspended_frame_release.xr	1950	1963	54	Recv	Value	pattern-direct	ACCEPT	stdlib/types/channel.xr	4	Recv	builtin-symbol	reviewed	payload declaration stdlib/types/channel.xr:4	78804a8dd69390e491f49c05a5b08e146f6fda37898bced2f45d6719896a1289
0f5b4f634bfefb7ad3e8e1494ce2995ae52df976	tests/diff/cases/semantics/coro/task_result_failed_error_value.xr	75	106	4	TaskResultErr	Msg	constructor	ACCEPT	tests/diff/cases/semantics/coro/task_result_failed_error_value.xr	1	TaskResultErr	same-module	reviewed	payload declaration tests/diff/cases/semantics/coro/task_result_failed_error_value.xr:1	84797a632a8a3dfc997ba0d69c79b9f32a535620165842e85135e8384c0ba17d
0f5b4f634bfefb7ad3e8e1494ce2995ae52df976	tests/diff/cases/semantics/coro/task_result_failed_error_value.xr	208	230	12	TaskResult	Failed	pattern-direct	ACCEPT	stdlib/types/coroutine.xr	5	TaskResult	builtin-symbol	reviewed	payload declaration stdlib/types/coroutine.xr:5	b621d59869ccac834926e59b701ec95a8dc843265a3c06bd695e697b9eac0fb0
0f5b4f634bfefb7ad3e8e1494ce2995ae52df976	tests/diff/cases/semantics/coro/task_result_failed_error_value.xr	299	325	15	TaskResultErr	Msg	pattern-direct	ACCEPT	tests/diff/cases/semantics/coro/task_result_failed_error_value.xr	1	TaskResultErr	same-module	reviewed	payload declaration tests/diff/cases/semantics/coro/task_result_failed_error_value.xr:1	2d010bcd291dace8cb788771a1ef260ebf4a75874d39ec1f0ce0173bd028f522
0f5b4f634bfefb7ad3e8e1494ce2995ae52df976	tests/diff/cases/semantics/coro/task_transfer_already_taken.xr	154	180	9	TaskResult	Success	pattern-direct	ACCEPT	stdlib/types/coroutine.xr	4	TaskResult	builtin-symbol	reviewed	payload declaration stdlib/types/coroutine.xr:4	a1155d97c5b18a063f7f5430f3531fd654b54e700c671204c8b5c1808b244693
0f5b4f634bfefb7ad3e8e1494ce2995ae52df976	tests/diff/cases/semantics/coro/task_transfer_already_taken.xr	314	334	15	TaskResult	Failed	pattern-direct	ACCEPT	stdlib/types/coroutine.xr	5	TaskResult	builtin-symbol	reviewed	payload declaration stdlib/types/coroutine.xr:5	cc2bbdfc43962594a57c097ed8ac0a32344c02ab7b2c9de6245f7c292367e354
0f5b4f634bfefb7ad3e8e1494ce2995ae52df976	tests/diff/cases/semantics/exception/array_class_throw_cleanup_lifetime.xr	234	256	15	ParseError	Invalid	constructor	ACCEPT	tests/diff/cases/semantics/exception/array_class_throw_cleanup_lifetime.xr	3	ParseError	same-module	reviewed	payload declaration tests/diff/cases/semantics/exception/array_class_throw_cleanup_lifetime.xr:3	912e58e2311751ac4ed41cb3b60a43384869088959ecf82c28b5608c6e3ce624
0f5b4f634bfefb7ad3e8e1494ce2995ae52df976	tests/diff/cases/semantics/exception/array_class_throw_cleanup_lifetime.xr	602	626	35	ParseError	Invalid	pattern-catch	ACCEPT	tests/diff/cases/semantics/exception/array_class_throw_cleanup_lifetime.xr	3	ParseError	same-module	reviewed	payload declaration tests/diff/cases/semantics/exception/array_class_throw_cleanup_lifetime.xr:3	df591580677b9a336b2c17b75a2c886012acc3441a7484d070389b24906d5dcb
0f5b4f634bfefb7ad3e8e1494ce2995ae52df976	tests/diff/cases/semantics/exception/nested_defer.xr	304	322	11	AppErr	Msg	constructor	ACCEPT	tests/diff/cases/semantics/exception/nested_defer.xr	5	AppErr	same-module	reviewed	payload declaration tests/diff/cases/semantics/exception/nested_defer.xr:5	a3ba767b1d7d5904f65d978f5af7cc2d15fdfb7b56c7f8561a4ee300074c9fd3
0f5b4f634bfefb7ad3e8e1494ce2995ae52df976	tests/diff/cases/semantics/exception/nested_defer.xr	486	499	21	AppErr	Msg	pattern-direct	ACCEPT	tests/diff/cases/semantics/exception/nested_defer.xr	5	AppErr	same-module	reviewed	payload declaration tests/diff/cases/semantics/exception/nested_defer.xr:5	ea9dfc0adba8754531dbbe29ae6217a43dbac772c29878f2ce04e4380601452d
0f5b4f634bfefb7ad3e8e1494ce2995ae52df976	tests/diff/cases/semantics/exception/pattern_catch.xr	261	282	16	PayloadErr	Payload	constructor	ACCEPT	tests/diff/cases/semantics/exception/pattern_catch.xr	5	PayloadErr	same-module	reviewed	payload declaration tests/diff/cases/semantics/exception/pattern_catch.xr:5	3c415f2c93223968028547a400cc6f940e2ef783ab3fc3171044e0e0a2f8d1d0
0f5b4f634bfefb7ad3e8e1494ce2995ae52df976	tests/diff/cases/semantics/exception/pattern_catch.xr	438	462	26	PayloadErr	Payload	pattern-catch	ACCEPT	tests/diff/cases/semantics/exception/pattern_catch.xr	5	PayloadErr	same-module	reviewed	payload declaration tests/diff/cases/semantics/exception/pattern_catch.xr:5	328b2d266f3b8fd5655e54f439c0e47d4a2c453da281be4f99255e6211df4d69
0f5b4f634bfefb7ad3e8e1494ce2995ae52df976	tests/diff/cases/semantics/exception/try_catch.xr	91	109	7	AppErr	Msg	constructor	ACCEPT	tests/diff/cases/semantics/exception/try_catch.xr	3	AppErr	same-module	reviewed	payload declaration tests/diff/cases/semantics/exception/try_catch.xr:3	a3ba767b1d7d5904f65d978f5af7cc2d15fdfb7b56c7f8561a4ee300074c9fd3
0f5b4f634bfefb7ad3e8e1494ce2995ae52df976	tests/diff/cases/semantics/exception/try_catch.xr	250	263	17	AppErr	Msg	pattern-direct	ACCEPT	tests/diff/cases/semantics/exception/try_catch.xr	3	AppErr	same-module	reviewed	payload declaration tests/diff/cases/semantics/exception/try_catch.xr:3	ea9dfc0adba8754531dbbe29ae6217a43dbac772c29878f2ce04e4380601452d
0f5b4f634bfefb7ad3e8e1494ce2995ae52df976	tests/diff/cases/semantics/exception/uncaught_top_level_error.xr	452	478	10	TopErr	Failed	constructor	ACCEPT	tests/diff/cases/semantics/exception/uncaught_top_level_error.xr	7	TopErr	same-module	reviewed	payload declaration tests/diff/cases/semantics/exception/uncaught_top_level_error.xr:7	bacf8fb21d0c30d4ba4f52eba0791b66e8aa6e422d1c0f308b48519566350456
0f5b4f634bfefb7ad3e8e1494ce2995ae52df976	tests/diff/cases/semantics/generator/iterator_error_beats_exhaustion.xr	437	455	13	GenErr	Msg	constructor	ACCEPT	tests/diff/cases/semantics/generator/iterator_error_beats_exhaustion.xr	8	GenErr	same-module	reviewed	payload declaration tests/diff/cases/semantics/generator/iterator_error_beats_exhaustion.xr:8	36bc4a81b2d3c085397c51ca087af7a6c95b5312c14eca19a67ab1cab5e07b73
0f5b4f634bfefb7ad3e8e1494ce2995ae52df976	tests/diff/cases/semantics/generator/iterator_error_beats_exhaustion.xr	991	1004	38	GenErr	Msg	pattern-direct	ACCEPT	tests/diff/cases/semantics/generator/iterator_error_beats_exhaustion.xr	8	GenErr	same-module	reviewed	payload declaration tests/diff/cases/semantics/generator/iterator_error_beats_exhaustion.xr:8	8e7e713bcfb4f8113b9ba0824b8a16b6e06dff0810d910afe3a36dab873fec1c
0f5b4f634bfefb7ad3e8e1494ce2995ae52df976	tests/diff/cases/semantics/generator/iterator_error_beats_exhaustion.xr	1166	1179	48	GenErr	Msg	pattern-direct	ACCEPT	tests/diff/cases/semantics/generator/iterator_error_beats_exhaustion.xr	8	GenErr	same-module	reviewed	payload declaration tests/diff/cases/semantics/generator/iterator_error_beats_exhaustion.xr:8	8e7e713bcfb4f8113b9ba0824b8a16b6e06dff0810d910afe3a36dab873fec1c
0f5b4f634bfefb7ad3e8e1494ce2995ae52df976	tests/diff/cases/semantics/generator/yield_throw.xr	86	104	7	GenErr	Msg	constructor	ACCEPT	tests/diff/cases/semantics/generator/yield_throw.xr	2	GenErr	same-module	reviewed	payload declaration tests/diff/cases/semantics/generator/yield_throw.xr:2	36bc4a81b2d3c085397c51ca087af7a6c95b5312c14eca19a67ab1cab5e07b73
0f5b4f634bfefb7ad3e8e1494ce2995ae52df976	tests/diff/cases/semantics/generator/yield_throw.xr	296	309	19	GenErr	Msg	pattern-direct	ACCEPT	tests/diff/cases/semantics/generator/yield_throw.xr	2	GenErr	same-module	reviewed	payload declaration tests/diff/cases/semantics/generator/yield_throw.xr:2	8e7e713bcfb4f8113b9ba0824b8a16b6e06dff0810d910afe3a36dab873fec1c
0f5b4f634bfefb7ad3e8e1494ce2995ae52df976	tests/diff/cases/semantics/oop/enum_class_payload_aggregate.xr	990	1025	36	Node	Element	pattern-direct	ACCEPT	tests/diff/cases/semantics/oop/enum_class_payload_aggregate.xr	30	Node	same-module	reviewed	payload declaration tests/diff/cases/semantics/oop/enum_class_payload_aggregate.xr:30	8a8769acd1415ea64a745f66a97beee214e43e746886c8dcdb699d50d2660468
0f5b4f634bfefb7ad3e8e1494ce2995ae52df976	tests/diff/cases/semantics/oop/enum_class_payload_aggregate.xr	1049	1061	37	Node	Text	pattern-direct	ACCEPT	tests/diff/cases/semantics/oop/enum_class_payload_aggregate.xr	31	Node	same-module	reviewed	payload declaration tests/diff/cases/semantics/oop/enum_class_payload_aggregate.xr:31	4f8aa1eb9ce417c6c0b31261cd26a3668729d3a9b959f3106a4ef422ebe730d1
0f5b4f634bfefb7ad3e8e1494ce2995ae52df976	tests/diff/cases/semantics/oop/enum_class_payload_aggregate.xr	1082	1101	38	Node	Document	pattern-direct	ACCEPT	tests/diff/cases/semantics/oop/enum_class_payload_aggregate.xr	29	Node	same-module	reviewed	payload declaration tests/diff/cases/semantics/oop/enum_class_payload_aggregate.xr:29	317d67109dfba9ffa98ae418932d096780a34fdfbd61987fb3e1caba05073421
0f5b4f634bfefb7ad3e8e1494ce2995ae52df976	tests/diff/cases/semantics/oop/enum_class_payload_aggregate.xr	1195	1214	44	Node	Document	pattern-direct	ACCEPT	tests/diff/cases/semantics/oop/enum_class_payload_aggregate.xr	29	Node	same-module	reviewed	payload declaration tests/diff/cases/semantics/oop/enum_class_payload_aggregate.xr:29	317d67109dfba9ffa98ae418932d096780a34fdfbd61987fb3e1caba05073421
0f5b4f634bfefb7ad3e8e1494ce2995ae52df976	tests/diff/cases/semantics/oop/enum_class_payload_aggregate.xr	1237	1268	45	Node	Element	pattern-direct	ACCEPT	tests/diff/cases/semantics/oop/enum_class_payload_aggregate.xr	30	Node	same-module	reviewed	payload declaration tests/diff/cases/semantics/oop/enum_class_payload_aggregate.xr:30	e253daf9e8ac15b18194d1fb507d0894cb10b3d7196bd23ad6305709e5f6d7f3
0f5b4f634bfefb7ad3e8e1494ce2995ae52df976	tests/diff/cases/semantics/oop/enum_class_payload_aggregate.xr	1291	1303	46	Node	Text	pattern-direct	ACCEPT	tests/diff/cases/semantics/oop/enum_class_payload_aggregate.xr	31	Node	same-module	reviewed	payload declaration tests/diff/cases/semantics/oop/enum_class_payload_aggregate.xr:31	4f8aa1eb9ce417c6c0b31261cd26a3668729d3a9b959f3106a4ef422ebe730d1
0f5b4f634bfefb7ad3e8e1494ce2995ae52df976	tests/diff/cases/semantics/oop/enum_class_payload_aggregate.xr	1394	1425	52	Node	Element	pattern-direct	ACCEPT	tests/diff/cases/semantics/oop/enum_class_payload_aggregate.xr	30	Node	same-module	reviewed	payload declaration tests/diff/cases/semantics/oop/enum_class_payload_aggregate.xr:30	e253daf9e8ac15b18194d1fb507d0894cb10b3d7196bd23ad6305709e5f6d7f3
0f5b4f634bfefb7ad3e8e1494ce2995ae52df976	tests/diff/cases/semantics/oop/enum_class_payload_aggregate.xr	1637	1655	59	Node	Text	constructor	ACCEPT	tests/diff/cases/semantics/oop/enum_class_payload_aggregate.xr	31	Node	same-module	reviewed	payload declaration tests/diff/cases/semantics/oop/enum_class_payload_aggregate.xr:31	b9ac86185ddca180711c4871000e4ebb3af54c2905f7bdd22ff46b6b7e1177eb
0f5b4f634bfefb7ad3e8e1494ce2995ae52df976	tests/diff/cases/semantics/oop/enum_class_payload_aggregate.xr	1668	1712	60	Node	Element	constructor	ACCEPT	tests/diff/cases/semantics/oop/enum_class_payload_aggregate.xr	30	Node	same-module	reviewed	payload declaration tests/diff/cases/semantics/oop/enum_class_payload_aggregate.xr:30	b3a079f8ab3947aff08f55d0b1d2736a24ed5e8ea51067c5c9149181834003cb
0f5b4f634bfefb7ad3e8e1494ce2995ae52df976	tests/diff/cases/semantics/oop/enum_class_payload_aggregate.xr	1756	1805	62	Node	Element	constructor	ACCEPT	tests/diff/cases/semantics/oop/enum_class_payload_aggregate.xr	30	Node	same-module	reviewed	payload declaration tests/diff/cases/semantics/oop/enum_class_payload_aggregate.xr:30	0a82113798dbd396a76c94bc99946a754d9fffe56f0bdcce734147366771498f
0f5b4f634bfefb7ad3e8e1494ce2995ae52df976	tests/diff/cases/semantics/oop/enum_class_payload_aggregate.xr	1816	1837	63	Node	Document	constructor	ACCEPT	tests/diff/cases/semantics/oop/enum_class_payload_aggregate.xr	29	Node	same-module	reviewed	payload declaration tests/diff/cases/semantics/oop/enum_class_payload_aggregate.xr:29	8471ad03de22b43566cb5c64704591bf326b83e03f7e9b7fb204d7246cfa0478
0f5b4f634bfefb7ad3e8e1494ce2995ae52df976	tests/diff/cases/semantics/oop/enum_dynamic_read_aggregate.xr	1133	1145	31	Node	Leaf	pattern-direct	ACCEPT	tests/diff/cases/semantics/oop/enum_dynamic_read_aggregate.xr	14	Node	same-module	reviewed	payload declaration tests/diff/cases/semantics/oop/enum_dynamic_read_aggregate.xr:14	e8ca59b8d5a0b48fba83f1740f5b07ae13bbcd0487ad730c2cd9f1d87628aeac
0f5b4f634bfefb7ad3e8e1494ce2995ae52df976	tests/diff/cases/semantics/oop/enum_dynamic_read_aggregate.xr	1160	1174	32	Node	Branch	pattern-direct	ACCEPT	tests/diff/cases/semantics/oop/enum_dynamic_read_aggregate.xr	15	Node	same-module	reviewed	payload declaration tests/diff/cases/semantics/oop/enum_dynamic_read_aggregate.xr:15	5989b88eda031a8a3fa26fa616d8cfd2f04cb637b8e58d879e78a632faa9c83d
0f5b4f634bfefb7ad3e8e1494ce2995ae52df976	tests/diff/cases/semantics/oop/enum_dynamic_read_aggregate.xr	1207	1219	36	Node	Leaf	constructor	ACCEPT	tests/diff/cases/semantics/oop/enum_dynamic_read_aggregate.xr	14	Node	same-module	reviewed	payload declaration tests/diff/cases/semantics/oop/enum_dynamic_read_aggregate.xr:14	7ab32213b1627300a72e065b72f6e22609e76c2aa5c6972031b04a91378f0874
0f5b4f634bfefb7ad3e8e1494ce2995ae52df976	tests/diff/cases/semantics/oop/enum_dynamic_read_aggregate.xr	1233	1245	37	Node	Leaf	constructor	ACCEPT	tests/diff/cases/semantics/oop/enum_dynamic_read_aggregate.xr	14	Node	same-module	reviewed	payload declaration tests/diff/cases/semantics/oop/enum_dynamic_read_aggregate.xr:14	ae620d9ed75ee106a62943f7f0d71f5f0d4e27afcd1a8aa60304f77a4fcb6a06
0f5b4f634bfefb7ad3e8e1494ce2995ae52df976	tests/diff/cases/semantics/oop/enum_dynamic_read_aggregate.xr	1259	1300	38	Node	Branch	constructor	ACCEPT	tests/diff/cases/semantics/oop/enum_dynamic_read_aggregate.xr	15	Node	same-module	reviewed	payload declaration tests/diff/cases/semantics/oop/enum_dynamic_read_aggregate.xr:15	c059092fe96582832a072bca8a2de5c847a0e73c51bfe6442a3b353696ea0e41
0f5b4f634bfefb7ad3e8e1494ce2995ae52df976	tests/diff/cases/semantics/oop/enum_dynamic_read_aggregate.xr	1272	1284	38	Node	Leaf	constructor	ACCEPT	tests/diff/cases/semantics/oop/enum_dynamic_read_aggregate.xr	14	Node	same-module	reviewed	payload declaration tests/diff/cases/semantics/oop/enum_dynamic_read_aggregate.xr:14	698f1a7738c1d9c7d4e3b9f92e670d088ef5b58ffc70418cb6866f8de8e7529e
0f5b4f634bfefb7ad3e8e1494ce2995ae52df976	tests/diff/cases/semantics/oop/enum_dynamic_read_aggregate.xr	1286	1298	38	Node	Leaf	constructor	ACCEPT	tests/diff/cases/semantics/oop/enum_dynamic_read_aggregate.xr	14	Node	same-module	reviewed	payload declaration tests/diff/cases/semantics/oop/enum_dynamic_read_aggregate.xr:14	9860ce86ed10d178d9085ddebef97a02305151220d7de553482c7f88a66cb439
0f5b4f634bfefb7ad3e8e1494ce2995ae52df976	tests/diff/cases/semantics/oop/enum_dynamic_read_aggregate.xr	1528	1542	47	Node	Branch	pattern-direct	ACCEPT	tests/diff/cases/semantics/oop/enum_dynamic_read_aggregate.xr	15	Node	same-module	reviewed	payload declaration tests/diff/cases/semantics/oop/enum_dynamic_read_aggregate.xr:15	5989b88eda031a8a3fa26fa616d8cfd2f04cb637b8e58d879e78a632faa9c83d
0f5b4f634bfefb7ad3e8e1494ce2995ae52df976	tests/diff/cases/semantics/oop/enum_dynamic_read_aggregate.xr	1549	1561	47	Node	Leaf	pattern-direct	ACCEPT	tests/diff/cases/semantics/oop/enum_dynamic_read_aggregate.xr	14	Node	same-module	reviewed	payload declaration tests/diff/cases/semantics/oop/enum_dynamic_read_aggregate.xr:14	e8ca59b8d5a0b48fba83f1740f5b07ae13bbcd0487ad730c2cd9f1d87628aeac
0f5b4f634bfefb7ad3e8e1494ce2995ae52df976	tests/diff/cases/semantics/oop/enum_dynamic_read_aggregate.xr	1735	1748	53	Node	Leaf	constructor	ACCEPT	tests/diff/cases/semantics/oop/enum_dynamic_read_aggregate.xr	14	Node	same-module	reviewed	payload declaration tests/diff/cases/semantics/oop/enum_dynamic_read_aggregate.xr:14	92a6e5b4b349fca42edaa88cf15e71e36eb590135e373825701be7bf646fabcc
0f5b4f634bfefb7ad3e8e1494ce2995ae52df976	tests/diff/cases/semantics/oop/enum_dynamic_read_aggregate.xr	1750	1778	53	Node	Branch	constructor	ACCEPT	tests/diff/cases/semantics/oop/enum_dynamic_read_aggregate.xr	15	Node	same-module	reviewed	payload declaration tests/diff/cases/semantics/oop/enum_dynamic_read_aggregate.xr:15	d2ae572f1c77f4b1b86147f9a438fbcf2f9a0b19751160a4f39e6717ae2af206
0f5b4f634bfefb7ad3e8e1494ce2995ae52df976	tests/diff/cases/semantics/oop/enum_dynamic_read_aggregate.xr	1763	1776	53	Node	Leaf	constructor	ACCEPT	tests/diff/cases/semantics/oop/enum_dynamic_read_aggregate.xr	14	Node	same-module	reviewed	payload declaration tests/diff/cases/semantics/oop/enum_dynamic_read_aggregate.xr:14	b10a112711aa304660e77ff9d68a20498796d989eff9e2c744bca49dded08777
0f5b4f634bfefb7ad3e8e1494ce2995ae52df976	tests/diff/cases/semantics/oop/enum_namespace_ctor_with_nullable.xr	609	617	18	E	Num	pattern-direct	ACCEPT	tests/diff/cases/semantics/oop/enum_namespace_ctor_with_nullable.xr	12	E	same-module	reviewed	payload declaration tests/diff/cases/semantics/oop/enum_namespace_ctor_with_nullable.xr:12	7197a5d3ce51fd394177d58d6a1a7b5de0336600fc32793c9ac447d12e5a6aab
0f5b4f634bfefb7ad3e8e1494ce2995ae52df976	tests/diff/cases/semantics/oop/enum_namespace_ctor_with_nullable.xr	632	644	19	E	Pair	pattern-direct	ACCEPT	tests/diff/cases/semantics/oop/enum_namespace_ctor_with_nullable.xr	13	E	same-module	reviewed	payload declaration tests/diff/cases/semantics/oop/enum_namespace_ctor_with_nullable.xr:13	32efadb3b4dfecfc3c0a7046334326f363198855c436b8dc7a6a35f80bf4353e
0f5b4f634bfefb7ad3e8e1494ce2995ae52df976	tests/diff/cases/semantics/oop/enum_namespace_ctor_with_nullable.xr	792	800	28	E	Num	constructor	ACCEPT	tests/diff/cases/semantics/oop/enum_namespace_ctor_with_nullable.xr	12	E	same-module	reviewed	payload declaration tests/diff/cases/semantics/oop/enum_namespace_ctor_with_nullable.xr:12	e28f7fe8904a8a49a28f92ca26182fc3623a350e8d1a8121b2d998cc925fbac7
0f5b4f634bfefb7ad3e8e1494ce2995ae52df976	tests/diff/cases/semantics/oop/enum_namespace_ctor_with_nullable.xr	828	840	31	E	Pair	constructor	ACCEPT	tests/diff/cases/semantics/oop/enum_namespace_ctor_with_nullable.xr	13	E	same-module	reviewed	payload declaration tests/diff/cases/semantics/oop/enum_namespace_ctor_with_nullable.xr:13	555f1e0032b3abe140f9f78c2a4ac13d45ead0197a72147b2b61decf8c3b1f46
0f5b4f634bfefb7ad3e8e1494ce2995ae52df976	tests/diff/cases/semantics/oop/enum_namespace_ctor_with_nullable.xr	937	945	35	E	Num	constructor	ACCEPT	tests/diff/cases/semantics/oop/enum_namespace_ctor_with_nullable.xr	12	E	same-module	reviewed	payload declaration tests/diff/cases/semantics/oop/enum_namespace_ctor_with_nullable.xr:12	5e825bf0bfc61d57535d56a6b2dbcd5c0433c749c3bf7ce81b90cc1e494aa637
0f5b4f634bfefb7ad3e8e1494ce2995ae52df976	tests/diff/cases/semantics/oop/enum_nullable_materialize.xr	1023	1029	29	E	A	constructor	ACCEPT	tests/diff/cases/semantics/oop/enum_nullable_materialize.xr	16	E	same-module	reviewed	payload declaration tests/diff/cases/semantics/oop/enum_nullable_materialize.xr:16	874d3aa0085917b18dc2e95f78b2a4ffe0689485393e74761b74c4fc0ceafd35
0f5b4f634bfefb7ad3e8e1494ce2995ae52df976	tests/diff/cases/semantics/oop/enum_nullable_materialize.xr	1118	1124	34	E	A	pattern-direct	ACCEPT	tests/diff/cases/semantics/oop/enum_nullable_materialize.xr	16	E	same-module	reviewed	payload declaration tests/diff/cases/semantics/oop/enum_nullable_materialize.xr:16	c7da2bd7c720aad7a377062cf027a46eeb4c7d18baba681b3ee01c20be9f1c82
0f5b4f634bfefb7ad3e8e1494ce2995ae52df976	tests/diff/cases/semantics/oop/enum_nullable_materialize.xr	1232	1238	40	E	A	constructor	ACCEPT	tests/diff/cases/semantics/oop/enum_nullable_materialize.xr	16	E	same-module	reviewed	payload declaration tests/diff/cases/semantics/oop/enum_nullable_materialize.xr:16	50667120ebeec4065778a74f4b17260f5884db668b45eb605f1da456b4100caa
0f5b4f634bfefb7ad3e8e1494ce2995ae52df976	tests/diff/cases/semantics/oop/enum_nullable_materialize.xr	1610	1617	56	E	A	constructor	ACCEPT	tests/diff/cases/semantics/oop/enum_nullable_materialize.xr	16	E	same-module	reviewed	payload declaration tests/diff/cases/semantics/oop/enum_nullable_materialize.xr:16	32f0ab5c32023747bc64f509b3f88b513b5f86f1aafa350bfd1d30da0db8d34e
0f5b4f634bfefb7ad3e8e1494ce2995ae52df976	tests/diff/cases/semantics/oop/generic_instance_in_declared_member_types.xr	1631	1645	51	Shape	Boxed	pattern-direct	ACCEPT	tests/diff/cases/semantics/oop/generic_instance_in_declared_member_types.xr	44	Shape	same-module	reviewed	payload declaration tests/diff/cases/semantics/oop/generic_instance_in_declared_member_types.xr:44	454b99e8be27c6deaa26241809629686091d9904e09e36618f0e58017bd00f4c
0f5b4f634bfefb7ad3e8e1494ce2995ae52df976	tests/diff/cases/semantics/oop/generic_instance_in_declared_member_types.xr	1666	1680	52	Shape	Point	pattern-direct	ACCEPT	tests/diff/cases/semantics/oop/generic_instance_in_declared_member_types.xr	45	Shape	same-module	reviewed	payload declaration tests/diff/cases/semantics/oop/generic_instance_in_declared_member_types.xr:45	434bc570cb20a6ed2ad8b45c9a0be88cbcc1b627d1b00995350330ce46159cd4
0f5b4f634bfefb7ad3e8e1494ce2995ae52df976	tests/diff/cases/semantics/oop/generic_instance_in_declared_member_types.xr	1721	1745	56	Shape	Boxed	constructor	ACCEPT	tests/diff/cases/semantics/oop/generic_instance_in_declared_member_types.xr	44	Shape	same-module	reviewed	payload declaration tests/diff/cases/semantics/oop/generic_instance_in_declared_member_types.xr:44	85eeb97caec10e7a512b3dae3e4b8bf18a7f4180ad666a595bd9fb1d6d619b03
0f5b4f634bfefb7ad3e8e1494ce2995ae52df976	tests/diff/cases/semantics/oop/generic_instance_in_declared_member_types.xr	1765	1799	57	Shape	Point	constructor	ACCEPT	tests/diff/cases/semantics/oop/generic_instance_in_declared_member_types.xr	45	Shape	same-module	reviewed	payload declaration tests/diff/cases/semantics/oop/generic_instance_in_declared_member_types.xr:45	a4cb0b45d739edd587a5ab69082e3afc3b0530372312a2e76224e807843f5804
0f5b4f634bfefb7ad3e8e1494ce2995ae52df976	tests/diff/cases/semantics/oop/generic_instance_in_declared_member_types.xr	2286	2297	79	Expr	Num	pattern-direct	ACCEPT	tests/diff/cases/semantics/oop/generic_instance_in_declared_member_types.xr	72	Expr	same-module	reviewed	payload declaration tests/diff/cases/semantics/oop/generic_instance_in_declared_member_types.xr:72	49f8958f5e5f4fd42989a369b60780b0c456049465fe7f09bb691a6e4cca43a7
0f5b4f634bfefb7ad3e8e1494ce2995ae52df976	tests/diff/cases/semantics/oop/generic_instance_in_declared_member_types.xr	2312	2326	80	Expr	Add	pattern-direct	ACCEPT	tests/diff/cases/semantics/oop/generic_instance_in_declared_member_types.xr	73	Expr	same-module	reviewed	payload declaration tests/diff/cases/semantics/oop/generic_instance_in_declared_member_types.xr:73	db670c4b08e64277e4573da1d144310bffdb601c1f1f4055142eac93feb7b79c
0f5b4f634bfefb7ad3e8e1494ce2995ae52df976	tests/diff/cases/semantics/oop/generic_instance_in_declared_member_types.xr	2369	2383	81	Expr	Mul	pattern-direct	ACCEPT	tests/diff/cases/semantics/oop/generic_instance_in_declared_member_types.xr	74	Expr	same-module	reviewed	payload declaration tests/diff/cases/semantics/oop/generic_instance_in_declared_member_types.xr:74	dbd2f8b4e65bb84e39c53fefad9b37de9acfdffd13d4a0f6c61f3e1ab4605636
0f5b4f634bfefb7ad3e8e1494ce2995ae52df976	tests/diff/cases/semantics/oop/generic_instance_in_declared_member_types.xr	2452	2564	86	Expr	Mul	constructor	ACCEPT	tests/diff/cases/semantics/oop/generic_instance_in_declared_member_types.xr	74	Expr	same-module	reviewed	payload declaration tests/diff/cases/semantics/oop/generic_instance_in_declared_member_types.xr:74	f3ebf77cc7f1045a955b32884bf66071418e15b769b830b07a0dfeed418f0e24
0f5b4f634bfefb7ad3e8e1494ce2995ae52df976	tests/diff/cases/semantics/oop/generic_instance_in_declared_member_types.xr	2476	2532	87	Expr	Add	constructor	ACCEPT	tests/diff/cases/semantics/oop/generic_instance_in_declared_member_types.xr	73	Expr	same-module	reviewed	payload declaration tests/diff/cases/semantics/oop/generic_instance_in_declared_member_types.xr:73	2dffd56d414af413e220c78a1c2c2d036d73b45329b9157e44e16303fd66f79c
0f5b4f634bfefb7ad3e8e1494ce2995ae52df976	tests/diff/cases/semantics/oop/generic_instance_in_declared_member_types.xr	2495	2506	87	Expr	Num	constructor	ACCEPT	tests/diff/cases/semantics/oop/generic_instance_in_declared_member_types.xr	72	Expr	same-module	reviewed	payload declaration tests/diff/cases/semantics/oop/generic_instance_in_declared_member_types.xr:72	b3a32550e1b9530600c8472a5f74e540b3d8f6ee61f10af1ef85408a569343b0
0f5b4f634bfefb7ad3e8e1494ce2995ae52df976	tests/diff/cases/semantics/oop/generic_instance_in_declared_member_types.xr	2519	2530	87	Expr	Num	constructor	ACCEPT	tests/diff/cases/semantics/oop/generic_instance_in_declared_member_types.xr	72	Expr	same-module	reviewed	payload declaration tests/diff/cases/semantics/oop/generic_instance_in_declared_member_types.xr:72	23bd16d818faad022d9cb0b77687b836ba19bedac7bf0c9519d933c841d3536c
0f5b4f634bfefb7ad3e8e1494ce2995ae52df976	tests/diff/cases/semantics/oop/generic_instance_in_declared_member_types.xr	2549	2560	88	Expr	Num	constructor	ACCEPT	tests/diff/cases/semantics/oop/generic_instance_in_declared_member_types.xr	72	Expr	same-module	reviewed	payload declaration tests/diff/cases/semantics/oop/generic_instance_in_declared_member_types.xr:72	fb18bb230c51ad5e60ba6e9fef922a4b25e989cad0859c1a1511be78576b10aa
0f5b4f634bfefb7ad3e8e1494ce2995ae52df976	tests/diff/cases/semantics/stdlib/base64_property_direct.xr	1473	1506	56	Base64Error	InvalidLength	pattern-direct	ACCEPT	stdlib/base64/base64.xr	18	Base64Error	import->module-export	reviewed	payload declaration stdlib/base64/base64.xr:18	b322e3eebe9b4f9ffbb35412167791df95386846fa002f52cfb12d48c49e1330
0f5b4f634bfefb7ad3e8e1494ce2995ae52df976	tests/diff/cases/semantics/stdlib/base64_property_direct.xr	1537	1575	57	Base64Error	InvalidByte	pattern-direct	ACCEPT	stdlib/base64/base64.xr	19	Base64Error	import->module-export	reviewed	payload declaration stdlib/base64/base64.xr:19	fa853fc7cac82c0b4805a4a83f882ab34eeacb36eb32a16d5c23ee0e39f05766
0f5b4f634bfefb7ad3e8e1494ce2995ae52df976	tests/diff/cases/semantics/stdlib/base64_property_direct.xr	1606	1640	58	Base64Error	InvalidPadding	pattern-direct	ACCEPT	stdlib/base64/base64.xr	20	Base64Error	import->module-export	reviewed	payload declaration stdlib/base64/base64.xr:20	49f7e11f8a966dc091ecdccde45f67ade9447a6be4435e6421a4f1b3570e6521
0f5b4f634bfefb7ad3e8e1494ce2995ae52df976	tests/diff/cases/semantics/stdlib/base64_property_direct.xr	1671	1715	59	Base64Error	NonCanonicalTrailingBits	pattern-direct	ACCEPT	stdlib/base64/base64.xr	21	Base64Error	import->module-export	reviewed	payload declaration stdlib/base64/base64.xr:21	601e00717ad5cb563075269a13a2360fb7b14bf4870e9ab3bc407c1dc5c8ab11
0f5b4f634bfefb7ad3e8e1494ce2995ae52df976	tests/diff/cases/semantics/stdlib/cluster_protocol_pure_direct.xr	694	725	33	AddressError	MissingPort	pattern-direct	ACCEPT	stdlib/cluster/cluster.xr	116	AddressError	import->module-export	reviewed	payload declaration stdlib/cluster/cluster.xr:116	99862e807c4e0e9dd4c373e8073ed81943e089046e459d7e2f3c407ffb82b563
0f5b4f634bfefb7ad3e8e1494ce2995ae52df976	tests/diff/cases/semantics/stdlib/cluster_protocol_pure_direct.xr	761	792	34	AddressError	InvalidHost	pattern-direct	ACCEPT	stdlib/cluster/cluster.xr	117	AddressError	import->module-export	reviewed	payload declaration stdlib/cluster/cluster.xr:117	b2f71202d7cb480cc0e0391001f26aeefb07830391e50bfcbc5868f95734020b
0f5b4f634bfefb7ad3e8e1494ce2995ae52df976	tests/diff/cases/semantics/stdlib/cluster_protocol_pure_direct.xr	825	856	35	AddressError	InvalidPort	pattern-direct	ACCEPT	stdlib/cluster/cluster.xr	118	AddressError	import->module-export	reviewed	payload declaration stdlib/cluster/cluster.xr:118	e40a28efb115db88505ed23d9b23f5ac0a8d390961a05039b879e757ec9ae67c
0f5b4f634bfefb7ad3e8e1494ce2995ae52df976	tests/diff/cases/semantics/stdlib/csv_pure_module_direct.xr	852	918	34	CsvError	FieldCountMismatch	pattern-direct	ACCEPT	stdlib/csv/csv.xr	51	CsvError	import->module-export	reviewed	payload declaration stdlib/csv/csv.xr:51	58503d8c5f85a06a7f67fd431b01efad86517bc64362c236ab198eab4da846d7
0f5b4f634bfefb7ad3e8e1494ce2995ae52df976	tests/diff/cases/semantics/stdlib/csv_pure_module_direct.xr	1182	1206	45	CsvDelimiter	Exact	constructor	ACCEPT	stdlib/csv/csv.xr	9	CsvDelimiter	import->module-export	reviewed	payload declaration stdlib/csv/csv.xr:9	e6bfb79c8c664c85aa18c74c05901495e87d719240168a654193be09c783c4e7
0f5b4f634bfefb7ad3e8e1494ce2995ae52df976	tests/diff/cases/semantics/stdlib/csv_pure_module_direct.xr	1984	2019	72	CsvError	ColumnLimitExceeded	pattern-direct	ACCEPT	stdlib/csv/csv.xr	48	CsvError	import->module-export	reviewed	payload declaration stdlib/csv/csv.xr:48	930eaa41f9ef3cb8713c1b77b460bf226967a7b1bae2b816d08cdf1334f8958a
0f5b4f634bfefb7ad3e8e1494ce2995ae52df976	tests/diff/cases/semantics/stdlib/encoding_property_direct.xr	1892	1918	50	HexError	OddLength	pattern-direct	ACCEPT	stdlib/encoding/encoding.xr	12	HexError	import->module-export	reviewed	payload declaration stdlib/encoding/encoding.xr:12	819bfa01242448dfc8ce71f70c916ab4748b7abd62be456817c668039c3b5e78
0f5b4f634bfefb7ad3e8e1494ce2995ae52df976	tests/diff/cases/semantics/stdlib/encoding_property_direct.xr	1949	1985	51	HexError	InvalidDigit	pattern-direct	ACCEPT	stdlib/encoding/encoding.xr	13	HexError	import->module-export	reviewed	payload declaration stdlib/encoding/encoding.xr:13	d6774fa2eb5a81afca2cdc3560608e53088c79c50ad14b0c485c8497f816562b
0f5b4f634bfefb7ad3e8e1494ce2995ae52df976	tests/diff/cases/semantics/stdlib/encoding_property_direct.xr	2227	2259	62	Utf16Error	OddByteLength	pattern-direct	ACCEPT	stdlib/encoding/encoding.xr	127	Utf16Error	import->module-export	reviewed	payload declaration stdlib/encoding/encoding.xr:127	c9cf206b6fa0d8e239d543bafa610997b4935dbeb2230bff66de425569b0d220
0f5b4f634bfefb7ad3e8e1494ce2995ae52df976	tests/diff/cases/semantics/stdlib/encoding_property_direct.xr	2290	2338	63	Utf16Error	UnexpectedLowSurrogate	pattern-direct	ACCEPT	stdlib/encoding/encoding.xr	128	Utf16Error	import->module-export	reviewed	payload declaration stdlib/encoding/encoding.xr:128	5fd5498328a2089ec12ce9e41df33b687298d42ae6fa4826f8b050724ed2632d
0f5b4f634bfefb7ad3e8e1494ce2995ae52df976	tests/diff/cases/semantics/stdlib/encoding_property_direct.xr	2369	2414	64	Utf16Error	MissingLowSurrogate	pattern-direct	ACCEPT	stdlib/encoding/encoding.xr	129	Utf16Error	import->module-export	reviewed	payload declaration stdlib/encoding/encoding.xr:129	3232e3b073bef0b72e491c97a236a4e8fb789b210a03cab02f0abf8b38193b93
0f5b4f634bfefb7ad3e8e1494ce2995ae52df976	tests/diff/cases/semantics/stdlib/encoding_property_direct.xr	2445	2490	65	Utf16Error	InvalidLowSurrogate	pattern-direct	ACCEPT	stdlib/encoding/encoding.xr	130	Utf16Error	import->module-export	reviewed	payload declaration stdlib/encoding/encoding.xr:130	b31a2857767dbbdbdb50ccb0586811183b6855716697000bad333e458aa41d0b
0f5b4f634bfefb7ad3e8e1494ce2995ae52df976	tests/diff/cases/semantics/stdlib/http_error_nested_enum_payload_direct.xr	76	123	4	HttpError	UnsupportedVersion	constructor	ACCEPT	stdlib/http/http.xr	1249	HttpError	import->module-export	reviewed	payload declaration stdlib/http/http.xr:1249	086191395e671c5e5c369b17588ad2b290741788edc272bd5b58306d58cddbf4
0f5b4f634bfefb7ad3e8e1494ce2995ae52df976	tests/diff/cases/semantics/stdlib/http_error_nested_enum_payload_direct.xr	161	198	9	HttpError	UnsupportedVersion	pattern-catch	ACCEPT	stdlib/http/http.xr	1249	HttpError	import->module-export	reviewed	payload declaration stdlib/http/http.xr:1249	4160e1b3cde54c5b07b6bee931c793143494ae2c7880c2416391a47727e7f1d3
0f5b4f634bfefb7ad3e8e1494ce2995ae52df976	tests/diff/cases/semantics/stdlib/url_core_direct.xr	891	930	36	UrlError	InvalidPercentEncoding	pattern-direct	ACCEPT	stdlib/url/url.xr	10	UrlError	import->module-export	reviewed	payload declaration stdlib/url/url.xr:10	f93c3ff8a68433ea0f0e46c47bb7aa4a7c12f234e0ccc05b26818ced3831e7d3
0f5b4f634bfefb7ad3e8e1494ce2995ae52df976	tests/diff/cases/semantics/stdlib/xml_pure_module_direct.xr	136	158	6	XmlNode	Document	pattern-direct	ACCEPT	stdlib/xml/xml.xr	42	XmlNode	import->module-export	reviewed	payload declaration stdlib/xml/xml.xr:42	414a4f81b5fb84dc3c2e509242a8dc2f8589b7b7e94a17d0f0d505524b009027
0f5b4f634bfefb7ad3e8e1494ce2995ae52df976	tests/diff/cases/semantics/stdlib/xml_pure_module_direct.xr	195	229	7	XmlNode	Element	pattern-direct	ACCEPT	stdlib/xml/xml.xr	43	XmlNode	import->module-export	reviewed	payload declaration stdlib/xml/xml.xr:43	3a39f2958179108a03208df44f060f7ee58f5dc7341d3377911a56cc9e64e535
0f5b4f634bfefb7ad3e8e1494ce2995ae52df976	tests/diff/cases/semantics/stdlib/xml_pure_module_direct.xr	253	268	8	XmlNode	Text	pattern-direct	ACCEPT	stdlib/xml/xml.xr	44	XmlNode	import->module-export	reviewed	payload declaration stdlib/xml/xml.xr:44	35e5470292911f13dbc0023c25f31d7f6a0d451b8bb03d83ac19a7f4674a823e
0f5b4f634bfefb7ad3e8e1494ce2995ae52df976	tests/diff/cases/semantics/stdlib/xml_pure_module_direct.xr	308	326	9	XmlNode	Comment	pattern-direct	ACCEPT	stdlib/xml/xml.xr	45	XmlNode	import->module-export	reviewed	payload declaration stdlib/xml/xml.xr:45	d1dc310d582246f0db107a9a363507c9e108d14029efa3c071879ac6eeeffec5
0f5b4f634bfefb7ad3e8e1494ce2995ae52df976	tests/diff/cases/semantics/stdlib/xml_pure_module_direct.xr	366	382	10	XmlNode	CData	pattern-direct	ACCEPT	stdlib/xml/xml.xr	46	XmlNode	import->module-export	reviewed	payload declaration stdlib/xml/xml.xr:46	af16caf0d41d603b0e3a199ccea28f55c5497fc052d4b042d7b9c885fbe66630
0f5b4f634bfefb7ad3e8e1494ce2995ae52df976	tests/diff/cases/semantics/stdlib/xml_pure_module_direct.xr	422	457	11	XmlNode	ProcessingInstruction	pattern-direct	ACCEPT	stdlib/xml/xml.xr	47	XmlNode	import->module-export	reviewed	payload declaration stdlib/xml/xml.xr:47	3a71f931540de25793ad074e7eb65a18c787eca4625832c6f683d2b8cdd5924a
0f5b4f634bfefb7ad3e8e1494ce2995ae52df976	tests/diff/cases/semantics/stdlib/yaml_pure_module_direct.xr	368	388	10	YamlValue	Boolean	pattern-direct	ACCEPT	stdlib/yaml/yaml.xr	98	YamlValue	import->module-export	reviewed	payload declaration stdlib/yaml/yaml.xr:98	2b0bc163ecdaa08c13177c7e5ed597e658785d58a1ab8cc6b6ba76193ef32793
0f5b4f634bfefb7ad3e8e1494ce2995ae52df976	tests/diff/cases/semantics/stdlib/yaml_pure_module_direct.xr	411	431	11	YamlValue	Integer	pattern-direct	ACCEPT	stdlib/yaml/yaml.xr	99	YamlValue	import->module-export	reviewed	payload declaration stdlib/yaml/yaml.xr:99	7c07948328f34c1b09a354fe4c4cc68db3580fd600c01d0d14ebc217c64eb91e
0f5b4f634bfefb7ad3e8e1494ce2995ae52df976	tests/diff/cases/semantics/stdlib/yaml_pure_module_direct.xr	453	471	12	YamlValue	Float	pattern-direct	ACCEPT	stdlib/yaml/yaml.xr	100	YamlValue	import->module-export	reviewed	payload declaration stdlib/yaml/yaml.xr:100	d1dcaa4b06da5192556a2e44f499b432addb9a8f173c12d76a0e2815bc01bb88
0f5b4f634bfefb7ad3e8e1494ce2995ae52df976	tests/diff/cases/semantics/stdlib/yaml_pure_module_direct.xr	497	516	13	YamlValue	String	pattern-direct	ACCEPT	stdlib/yaml/yaml.xr	101	YamlValue	import->module-export	reviewed	payload declaration stdlib/yaml/yaml.xr:101	755d00728217900ed05b6c59b88614822e21e7a82db2bb68d410b12484632f08
0f5b4f634bfefb7ad3e8e1494ce2995ae52df976	tests/diff/cases/semantics/stdlib/yaml_pure_module_direct.xr	542	565	14	YamlValue	Binary	pattern-direct	ACCEPT	stdlib/yaml/yaml.xr	102	YamlValue	import->module-export	reviewed	payload declaration stdlib/yaml/yaml.xr:102	2d20ee0bb4adfd42f1f52a0bbb015bed6aeca1e6dd70a5f93e6ca41cecf3edb0
0f5b4f634bfefb7ad3e8e1494ce2995ae52df976	tests/diff/cases/semantics/stdlib/yaml_pure_module_direct.xr	587	609	15	YamlValue	Sequence	pattern-direct	ACCEPT	stdlib/yaml/yaml.xr	103	YamlValue	import->module-export	reviewed	payload declaration stdlib/yaml/yaml.xr:103	b212e5b29eb7f787cfc758ee69d7762a6c8d4d6be2cc5bdf3ab66a6f62054968
0f5b4f634bfefb7ad3e8e1494ce2995ae52df976	tests/diff/cases/semantics/stdlib/yaml_pure_module_direct.xr	629	649	16	YamlValue	Mapping	pattern-direct	ACCEPT	stdlib/yaml/yaml.xr	104	YamlValue	import->module-export	reviewed	payload declaration stdlib/yaml/yaml.xr:104	9bf8b44d81f72db562c90b2a0c2cfdd84373456e6d35b1bdd22e9e081f3a4c22
0f5b4f634bfefb7ad3e8e1494ce2995ae52df976	tests/diff/cases/semantics/stdlib/yaml_pure_module_direct.xr	671	690	17	YamlValue	Tagged	pattern-direct	ACCEPT	stdlib/yaml/yaml.xr	105	YamlValue	import->module-export	reviewed	payload declaration stdlib/yaml/yaml.xr:105	4884fe022402ce99e23981f73a828212d751bae03531dd75a73956d65fc88731
0f5b4f634bfefb7ad3e8e1494ce2995ae52df976	tests/diff/cases/semantics/stdlib/yaml_pure_module_direct.xr	716	734	18	YamlValue	Alias	pattern-direct	ACCEPT	stdlib/yaml/yaml.xr	106	YamlValue	import->module-export	reviewed	payload declaration stdlib/yaml/yaml.xr:106	478681689a441b6755cf4e8a799e82e86bcd0b782c9eb0dc26bbfc184613eb5e
0f5b4f634bfefb7ad3e8e1494ce2995ae52df976	tests/fixtures/owned_transfer_lib.xr	94	107	3	Recv	Value	pattern-direct	ACCEPT	stdlib/types/channel.xr	4	Recv	builtin-symbol	reviewed	payload declaration stdlib/types/channel.xr:4	78804a8dd69390e491f49c05a5b08e146f6fda37898bced2f45d6719896a1289
0f5b4f634bfefb7ad3e8e1494ce2995ae52df976	tests/fuzz/corpus/parser/08_coroutines.xr	527	544	28	Recv	Value	pattern-direct	ACCEPT	stdlib/types/channel.xr	4	Recv	builtin-symbol	reviewed	payload declaration stdlib/types/channel.xr:4	1ef8f9d0be069ca601cdd76ca1aff8602e8f2c0020bb19ec7368ef92f43967ee
0f5b4f634bfefb7ad3e8e1494ce2995ae52df976	tests/fuzz/corpus/parser/13_real_world.xr	2746	2759	97	Recv	Value	pattern-direct	ACCEPT	stdlib/types/channel.xr	4	Recv	builtin-symbol	reviewed	payload declaration stdlib/types/channel.xr:4	78804a8dd69390e491f49c05a5b08e146f6fda37898bced2f45d6719896a1289
0f5b4f634bfefb7ad3e8e1494ce2995ae52df976	tests/fuzz/corpus/parser/14_multi_value.xr	557	574	26	Recv	Value	pattern-direct	ACCEPT	stdlib/types/channel.xr	4	Recv	builtin-symbol	reviewed	payload declaration stdlib/types/channel.xr:4	1ef8f9d0be069ca601cdd76ca1aff8602e8f2c0020bb19ec7368ef92f43967ee
0f5b4f634bfefb7ad3e8e1494ce2995ae52df976	tests/network/ws_concurrent_test.xr	3462	3480	138	Recv	Value	pattern-direct	ACCEPT	stdlib/types/channel.xr	4	Recv	builtin-symbol	reviewed	payload declaration stdlib/types/channel.xr:4	502b342338281f6d1045a07b7792f7d1c3abfa76cd7643b688703610ccc11641
0f5b4f634bfefb7ad3e8e1494ce2995ae52df976	tests/regex/absolute/v1/programs/matching_core.xr	1192	1236	38	RegexError	InvalidPattern	pattern-direct	ACCEPT	stdlib/regex/regex.xr	1743	RegexError	import->module-export	reviewed	payload declaration stdlib/regex/regex.xr:1743	34417fa510a66b3c3a4fc4f10a262a423fd127ea40865b6dbeed07afd0cd442a
0f5b4f634bfefb7ad3e8e1494ce2995ae52df976	tests/regression/08_error_handling/0830_throw_catch_value_return.xr	1468	1496	78	AppErr	NotFound	constructor	ACCEPT	tests/regression/08_error_handling/0830_throw_catch_value_return.xr	4	AppErr	same-module	reviewed	payload declaration tests/regression/08_error_handling/0830_throw_catch_value_return.xr:4	8ec55fc333c8fb928f92239e6914810bdf86c467fcaf36a0fae1fa2682329d78
0f5b4f634bfefb7ad3e8e1494ce2995ae52df976	tests/regression/08_error_handling/0830_throw_catch_value_return.xr	1659	1677	87	AppErr	NotFound	pattern-direct	ACCEPT	tests/regression/08_error_handling/0830_throw_catch_value_return.xr	4	AppErr	same-module	reviewed	payload declaration tests/regression/08_error_handling/0830_throw_catch_value_return.xr:4	5fb67969efad4ce6fe891e07c3fe92f7e6580bc831314ee76a29f4fc6234a69b
0f5b4f634bfefb7ad3e8e1494ce2995ae52df976	tests/regression/08_error_handling/modules/error_source.xr	390	419	18	ValidationErr	TooLong	constructor	ACCEPT	tests/regression/08_error_handling/modules/error_source.xr	4	ValidationErr	same-module	reviewed	payload declaration tests/regression/08_error_handling/modules/error_source.xr:4	b5ab5d2b7d22ee30a8bcfb8b324e6d36201b5306999b726aa5b460a1ff5eccfa
0f5b4f634bfefb7ad3e8e1494ce2995ae52df976	tests/regression/09_advanced/0901_adt_enum.xr	758	773	26	Shape	Circle	pattern-direct	ACCEPT	tests/regression/09_advanced/0901_adt_enum.xr	12	Shape	same-module	reviewed	payload declaration tests/regression/09_advanced/0901_adt_enum.xr:12	a8b5245152750aa775116ab341a0d11a73efb51096ff3b4a09066a210f3aeb98
0f5b4f634bfefb7ad3e8e1494ce2995ae52df976	tests/regression/09_advanced/0901_adt_enum.xr	807	825	27	Shape	Square	pattern-direct	ACCEPT	tests/regression/09_advanced/0901_adt_enum.xr	13	Shape	same-module	reviewed	payload declaration tests/regression/09_advanced/0901_adt_enum.xr:13	0b58b51992fa6b53ea4b42be7f3100a8e9844dd806919bde34d2b1c590c8bd03
0f5b4f634bfefb7ad3e8e1494ce2995ae52df976	tests/regression/09_advanced/0901_adt_enum.xr	992	1007	35	Shape	Circle	pattern-direct	ACCEPT	tests/regression/09_advanced/0901_adt_enum.xr	12	Shape	same-module	reviewed	payload declaration tests/regression/09_advanced/0901_adt_enum.xr:12	a8b5245152750aa775116ab341a0d11a73efb51096ff3b4a09066a210f3aeb98
0f5b4f634bfefb7ad3e8e1494ce2995ae52df976	tests/regression/09_advanced/0901_adt_enum.xr	1176	1191	44	Shape	Circle	constructor	ACCEPT	tests/regression/09_advanced/0901_adt_enum.xr	12	Shape	same-module	reviewed	payload declaration tests/regression/09_advanced/0901_adt_enum.xr:12	8419b9b4cc6f90fd9a6be9d33060924a06ba27d43f57978e3847dbe0a627d747
0f5b4f634bfefb7ad3e8e1494ce2995ae52df976	tests/regression/09_advanced/0901_adt_enum.xr	1231	1246	45	Shape	Square	constructor	ACCEPT	tests/regression/09_advanced/0901_adt_enum.xr	13	Shape	same-module	reviewed	payload declaration tests/regression/09_advanced/0901_adt_enum.xr:13	3d57acca2e761946095cd63c1854e24a5c702672382b61d48f2fe5e0ae8079c9
0f5b4f634bfefb7ad3e8e1494ce2995ae52df976	tests/regression/09_advanced/0901_adt_enum.xr	1436	1451	50	Shape	Circle	constructor	ACCEPT	tests/regression/09_advanced/0901_adt_enum.xr	12	Shape	same-module	reviewed	payload declaration tests/regression/09_advanced/0901_adt_enum.xr:12	8419b9b4cc6f90fd9a6be9d33060924a06ba27d43f57978e3847dbe0a627d747
0f5b4f634bfefb7ad3e8e1494ce2995ae52df976	tests/regression/09_advanced/0901_adt_enum.xr	1484	1499	51	Shape	Circle	constructor	ACCEPT	tests/regression/09_advanced/0901_adt_enum.xr	12	Shape	same-module	reviewed	payload declaration tests/regression/09_advanced/0901_adt_enum.xr:12	8419b9b4cc6f90fd9a6be9d33060924a06ba27d43f57978e3847dbe0a627d747
0f5b4f634bfefb7ad3e8e1494ce2995ae52df976	tests/regression/09_advanced/0901_adt_enum.xr	1528	1543	52	Shape	Circle	constructor	ACCEPT	tests/regression/09_advanced/0901_adt_enum.xr	12	Shape	same-module	reviewed	payload declaration tests/regression/09_advanced/0901_adt_enum.xr:12	8419b9b4cc6f90fd9a6be9d33060924a06ba27d43f57978e3847dbe0a627d747
0f5b4f634bfefb7ad3e8e1494ce2995ae52df976	tests/regression/09_advanced/0901_adt_enum.xr	1815	1830	58	Shape	Circle	constructor	ACCEPT	tests/regression/09_advanced/0901_adt_enum.xr	12	Shape	same-module	reviewed	payload declaration tests/regression/09_advanced/0901_adt_enum.xr:12	1cd73818f5aa2daa8c51acb9aa7a78ddbf83efc99028a2a54f05c07eb33e279c
0f5b4f634bfefb7ad3e8e1494ce2995ae52df976	tests/regression/09_advanced/0901_adt_enum.xr	1906	1921	60	Shape	Square	constructor	ACCEPT	tests/regression/09_advanced/0901_adt_enum.xr	13	Shape	same-module	reviewed	payload declaration tests/regression/09_advanced/0901_adt_enum.xr:13	165b25a8de375e2a8684a092b8e5554e2587097bbde14b0a971731e312aa9c63
0f5b4f634bfefb7ad3e8e1494ce2995ae52df976	tests/regression/09_advanced/0901_adt_enum.xr	2329	2344	73	Shape	Circle	constructor	ACCEPT	tests/regression/09_advanced/0901_adt_enum.xr	12	Shape	same-module	reviewed	payload declaration tests/regression/09_advanced/0901_adt_enum.xr:12	dc9128988be35e1882d1cf28766ae912df0c0969e48cc882c091c066b4a4e549
0f5b4f634bfefb7ad3e8e1494ce2995ae52df976	tests/regression/09_advanced/0901_adt_enum.xr	2391	2406	75	Shape	Circle	pattern-direct	ACCEPT	tests/regression/09_advanced/0901_adt_enum.xr	12	Shape	same-module	reviewed	payload declaration tests/regression/09_advanced/0901_adt_enum.xr:12	6e04cd51df1648d7ba49963e282c4eb0a2e8c4249f543ff1aa0a666e19750712
0f5b4f634bfefb7ad3e8e1494ce2995ae52df976	tests/regression/09_advanced/0901_adt_enum.xr	2569	2584	81	Shape	Circle	constructor	ACCEPT	tests/regression/09_advanced/0901_adt_enum.xr	12	Shape	same-module	reviewed	payload declaration tests/regression/09_advanced/0901_adt_enum.xr:12	6330629fb5da30f1d5322cd4d2ab2e95eebf14845f13c879a62d6433a5a209f9
0f5b4f634bfefb7ad3e8e1494ce2995ae52df976	tests/regression/09_advanced/0901_adt_enum.xr	2599	2614	81	Shape	Square	constructor	ACCEPT	tests/regression/09_advanced/0901_adt_enum.xr	13	Shape	same-module	reviewed	payload declaration tests/regression/09_advanced/0901_adt_enum.xr:13	51f2cd60cca0e264d3f76ad3b8911809b72aafe695146d6b89e93f4de90891cc
0f5b4f634bfefb7ad3e8e1494ce2995ae52df976	tests/regression/09_advanced/0901_adt_enum.xr	2961	2973	91	Tree	Leaf	pattern-direct	ACCEPT	tests/regression/09_advanced/0901_adt_enum.xr	19	Tree	same-module	reviewed	payload declaration tests/regression/09_advanced/0901_adt_enum.xr:19	5d0494e83ef72ddba13112626a5a145a58d645dbeb802fc79a0a5774c9c98488
0f5b4f634bfefb7ad3e8e1494ce2995ae52df976	tests/regression/09_advanced/0901_adt_enum.xr	2987	3001	92	Tree	Branch	pattern-direct	ACCEPT	tests/regression/09_advanced/0901_adt_enum.xr	20	Tree	same-module	reviewed	payload declaration tests/regression/09_advanced/0901_adt_enum.xr:20	460d9dcb6f0ffd97744ceb8b44a21b4c9892dc7684f49551935a312e0a00e942
0f5b4f634bfefb7ad3e8e1494ce2995ae52df976	tests/regression/09_advanced/0901_adt_enum.xr	3056	3068	95	Tree	Leaf	constructor	ACCEPT	tests/regression/09_advanced/0901_adt_enum.xr	19	Tree	same-module	reviewed	payload declaration tests/regression/09_advanced/0901_adt_enum.xr:19	e3b701c27f124a7b739eaacfb66a9f144afdf161e58d2e11506c822f35e127d5
0f5b4f634bfefb7ad3e8e1494ce2995ae52df976	tests/regression/09_advanced/0901_adt_enum.xr	3129	3141	98	Tree	Leaf	pattern-direct	ACCEPT	tests/regression/09_advanced/0901_adt_enum.xr	19	Tree	same-module	reviewed	payload declaration tests/regression/09_advanced/0901_adt_enum.xr:19	5d0494e83ef72ddba13112626a5a145a58d645dbeb802fc79a0a5774c9c98488
0f5b4f634bfefb7ad3e8e1494ce2995ae52df976	tests/regression/09_advanced/0901_adt_enum.xr	3155	3169	99	Tree	Branch	pattern-direct	ACCEPT	tests/regression/09_advanced/0901_adt_enum.xr	20	Tree	same-module	reviewed	payload declaration tests/regression/09_advanced/0901_adt_enum.xr:20	460d9dcb6f0ffd97744ceb8b44a21b4c9892dc7684f49551935a312e0a00e942
0f5b4f634bfefb7ad3e8e1494ce2995ae52df976	tests/regression/09_advanced/0915_shared_for_go.xr	1046	1059	48	Recv	Value	pattern-direct	ACCEPT	stdlib/types/channel.xr	4	Recv	builtin-symbol	reviewed	payload declaration stdlib/types/channel.xr:4	78804a8dd69390e491f49c05a5b08e146f6fda37898bced2f45d6719896a1289
0f5b4f634bfefb7ad3e8e1494ce2995ae52df976	tests/regression/09_advanced/0950_exception.xr	1387	1408	30	AppErr	Msg	constructor	ACCEPT	tests/regression/09_advanced/0950_exception.xr	26	AppErr	same-module	reviewed	payload declaration tests/regression/09_advanced/0950_exception.xr:26	bbaee425e872c610fd0a390159c6516cf1aebfed01c69a20e9f3121cdd82c98a
0f5b4f634bfefb7ad3e8e1494ce2995ae52df976	tests/regression/09_advanced/0950_exception.xr	1427	1445	31	AppErr	Msg	constructor	ACCEPT	tests/regression/09_advanced/0950_exception.xr	26	AppErr	same-module	reviewed	payload declaration tests/regression/09_advanced/0950_exception.xr:26	ff35f1ee3c86d8264a87dcb01149409b2bfaedab4655bebdcb4227b049dc9b13
0f5b4f634bfefb7ad3e8e1494ce2995ae52df976	tests/regression/09_advanced/0950_exception.xr	1610	1625	39	AppErr	Msg	constructor	ACCEPT	tests/regression/09_advanced/0950_exception.xr	26	AppErr	same-module	reviewed	payload declaration tests/regression/09_advanced/0950_exception.xr:26	c77f58df364ed2c3afda8f7c540380b4fcff6dff575e00a1ae0af8444c48c082
0f5b4f634bfefb7ad3e8e1494ce2995ae52df976	tests/regression/09_advanced/0950_exception.xr	1781	1796	46	AppErr	Msg	constructor	ACCEPT	tests/regression/09_advanced/0950_exception.xr	26	AppErr	same-module	reviewed	payload declaration tests/regression/09_advanced/0950_exception.xr:26	c77f58df364ed2c3afda8f7c540380b4fcff6dff575e00a1ae0af8444c48c082
0f5b4f634bfefb7ad3e8e1494ce2995ae52df976	tests/regression/09_advanced/0950_exception.xr	1889	1905	53	AppErr	Msg	constructor	ACCEPT	tests/regression/09_advanced/0950_exception.xr	26	AppErr	same-module	reviewed	payload declaration tests/regression/09_advanced/0950_exception.xr:26	f77d7221767388409f1f24438c01bea70e287d90ef0c9a666606c335bd4d6feb
0f5b4f634bfefb7ad3e8e1494ce2995ae52df976	tests/regression/09_advanced/0950_exception.xr	1940	1953	54	AppErr	Msg	pattern-direct	ACCEPT	tests/regression/09_advanced/0950_exception.xr	26	AppErr	same-module	reviewed	payload declaration tests/regression/09_advanced/0950_exception.xr:26	ea9dfc0adba8754531dbbe29ae6217a43dbac772c29878f2ce04e4380601452d
0f5b4f634bfefb7ad3e8e1494ce2995ae52df976	tests/regression/09_advanced/0950_exception.xr	2202	2221	68	AppErr	Msg	constructor	ACCEPT	tests/regression/09_advanced/0950_exception.xr	26	AppErr	same-module	reviewed	payload declaration tests/regression/09_advanced/0950_exception.xr:26	1e31e90a10f226887d0ceb1030c0b0ef3d96a58d1600c0ee464d3fa6561ab64a
0f5b4f634bfefb7ad3e8e1494ce2995ae52df976	tests/regression/09_advanced/0950_exception.xr	2284	2303	71	AppErr	Msg	constructor	ACCEPT	tests/regression/09_advanced/0950_exception.xr	26	AppErr	same-module	reviewed	payload declaration tests/regression/09_advanced/0950_exception.xr:26	b362c24ec0454f5f80f1b76e1627cbc93a7d949be6dfd7e38860116ecea627bd
0f5b4f634bfefb7ad3e8e1494ce2995ae52df976	tests/regression/09_advanced/0950_exception.xr	2370	2383	75	AppErr	Msg	pattern-direct	ACCEPT	tests/regression/09_advanced/0950_exception.xr	26	AppErr	same-module	reviewed	payload declaration tests/regression/09_advanced/0950_exception.xr:26	ea9dfc0adba8754531dbbe29ae6217a43dbac772c29878f2ce04e4380601452d
0f5b4f634bfefb7ad3e8e1494ce2995ae52df976	tests/regression/09_advanced/0950_exception.xr	2662	2675	88	AppErr	Msg	pattern-direct	ACCEPT	tests/regression/09_advanced/0950_exception.xr	26	AppErr	same-module	reviewed	payload declaration tests/regression/09_advanced/0950_exception.xr:26	ea9dfc0adba8754531dbbe29ae6217a43dbac772c29878f2ce04e4380601452d
0f5b4f634bfefb7ad3e8e1494ce2995ae52df976	tests/regression/09_advanced/0950_exception.xr	2888	2905	99	AppErr	Msg	constructor	ACCEPT	tests/regression/09_advanced/0950_exception.xr	26	AppErr	same-module	reviewed	payload declaration tests/regression/09_advanced/0950_exception.xr:26	a2b71f7033c80d86d31a415d0793a6b0bcd712b8c559d3b657fee9f3703224b5
0f5b4f634bfefb7ad3e8e1494ce2995ae52df976	tests/regression/09_advanced/0950_exception.xr	2940	2953	100	AppErr	Msg	pattern-direct	ACCEPT	tests/regression/09_advanced/0950_exception.xr	26	AppErr	same-module	reviewed	payload declaration tests/regression/09_advanced/0950_exception.xr:26	ea9dfc0adba8754531dbbe29ae6217a43dbac772c29878f2ce04e4380601452d
0f5b4f634bfefb7ad3e8e1494ce2995ae52df976	tests/regression/09_advanced/0950_exception.xr	2992	3023	102	AppErr	Msg	constructor	ACCEPT	tests/regression/09_advanced/0950_exception.xr	26	AppErr	same-module	reviewed	payload declaration tests/regression/09_advanced/0950_exception.xr:26	6d39e28c7a0dc5ff13686ddb06b7f431e991e684193b3769bb630819c6787394
0f5b4f634bfefb7ad3e8e1494ce2995ae52df976	tests/regression/09_advanced/0950_exception.xr	3058	3071	103	AppErr	Msg	pattern-direct	ACCEPT	tests/regression/09_advanced/0950_exception.xr	26	AppErr	same-module	reviewed	payload declaration tests/regression/09_advanced/0950_exception.xr:26	ea9dfc0adba8754531dbbe29ae6217a43dbac772c29878f2ce04e4380601452d
0f5b4f634bfefb7ad3e8e1494ce2995ae52df976	tests/regression/09_advanced/0950_exception.xr	3312	3325	115	AppErr	Msg	pattern-direct	ACCEPT	tests/regression/09_advanced/0950_exception.xr	26	AppErr	same-module	reviewed	payload declaration tests/regression/09_advanced/0950_exception.xr:26	ea9dfc0adba8754531dbbe29ae6217a43dbac772c29878f2ce04e4380601452d
0f5b4f634bfefb7ad3e8e1494ce2995ae52df976	tests/regression/09_advanced/0950_exception.xr	3599	3614	129	AppErr	Msg	constructor	ACCEPT	tests/regression/09_advanced/0950_exception.xr	26	AppErr	same-module	reviewed	payload declaration tests/regression/09_advanced/0950_exception.xr:26	3c90b34e74e65f3a2b39fe592af720091e38bd9fdd1adc93ed9a7e129cccabfb
0f5b4f634bfefb7ad3e8e1494ce2995ae52df976	tests/regression/09_advanced/0950_exception.xr	3699	3712	132	AppErr	Msg	pattern-direct	ACCEPT	tests/regression/09_advanced/0950_exception.xr	26	AppErr	same-module	reviewed	payload declaration tests/regression/09_advanced/0950_exception.xr:26	ea9dfc0adba8754531dbbe29ae6217a43dbac772c29878f2ce04e4380601452d
0f5b4f634bfefb7ad3e8e1494ce2995ae52df976	tests/regression/09_advanced/0950_exception.xr	3724	3743	132	AppErr	Msg	constructor	ACCEPT	tests/regression/09_advanced/0950_exception.xr	26	AppErr	same-module	reviewed	payload declaration tests/regression/09_advanced/0950_exception.xr:26	7f94835da9926f1b4a83efd37336b6ce1485871ab49e00de3f0ce7c0b5208177
0f5b4f634bfefb7ad3e8e1494ce2995ae52df976	tests/regression/09_advanced/0950_exception.xr	3834	3847	136	AppErr	Msg	pattern-direct	ACCEPT	tests/regression/09_advanced/0950_exception.xr	26	AppErr	same-module	reviewed	payload declaration tests/regression/09_advanced/0950_exception.xr:26	ea9dfc0adba8754531dbbe29ae6217a43dbac772c29878f2ce04e4380601452d
0f5b4f634bfefb7ad3e8e1494ce2995ae52df976	tests/regression/09_advanced/0950_exception.xr	3859	3878	136	AppErr	Msg	constructor	ACCEPT	tests/regression/09_advanced/0950_exception.xr	26	AppErr	same-module	reviewed	payload declaration tests/regression/09_advanced/0950_exception.xr:26	ccc0c727537360e4fbf59fce73fb733c26cd8e55c74084964fc3066ac7c86727
0f5b4f634bfefb7ad3e8e1494ce2995ae52df976	tests/regression/09_advanced/0950_exception.xr	3953	3966	140	AppErr	Msg	pattern-direct	ACCEPT	tests/regression/09_advanced/0950_exception.xr	26	AppErr	same-module	reviewed	payload declaration tests/regression/09_advanced/0950_exception.xr:26	ea9dfc0adba8754531dbbe29ae6217a43dbac772c29878f2ce04e4380601452d
0f5b4f634bfefb7ad3e8e1494ce2995ae52df976	tests/regression/09_advanced/0950_exception.xr	4446	4461	165	AppErr	Msg	constructor	ACCEPT	tests/regression/09_advanced/0950_exception.xr	26	AppErr	same-module	reviewed	payload declaration tests/regression/09_advanced/0950_exception.xr:26	c77f58df364ed2c3afda8f7c540380b4fcff6dff575e00a1ae0af8444c48c082
0f5b4f634bfefb7ad3e8e1494ce2995ae52df976	tests/regression/09_advanced/0950_exception.xr	4523	4538	166	AppErr	Msg	constructor	ACCEPT	tests/regression/09_advanced/0950_exception.xr	26	AppErr	same-module	reviewed	payload declaration tests/regression/09_advanced/0950_exception.xr:26	15c5d6d608a51896576e0391e69d2037254d35e4cf3fe94e0fbe145986a1e0c8
0f5b4f634bfefb7ad3e8e1494ce2995ae52df976	tests/regression/09_advanced/0950_exception.xr	4929	4944	182	AppErr	Msg	constructor	ACCEPT	tests/regression/09_advanced/0950_exception.xr	26	AppErr	same-module	reviewed	payload declaration tests/regression/09_advanced/0950_exception.xr:26	3c90b34e74e65f3a2b39fe592af720091e38bd9fdd1adc93ed9a7e129cccabfb
0f5b4f634bfefb7ad3e8e1494ce2995ae52df976	tests/regression/09_advanced/0950_exception.xr	5021	5036	185	AppErr	Msg	constructor	ACCEPT	tests/regression/09_advanced/0950_exception.xr	26	AppErr	same-module	reviewed	payload declaration tests/regression/09_advanced/0950_exception.xr:26	7dbf288ab579a2c2735cf96e6ec1804ecc3ebaf4c75b3cac4ea101c96857038d
0f5b4f634bfefb7ad3e8e1494ce2995ae52df976	tests/regression/09_advanced/0950_exception.xr	5117	5130	189	AppErr	Msg	pattern-direct	ACCEPT	tests/regression/09_advanced/0950_exception.xr	26	AppErr	same-module	reviewed	payload declaration tests/regression/09_advanced/0950_exception.xr:26	ea9dfc0adba8754531dbbe29ae6217a43dbac772c29878f2ce04e4380601452d
0f5b4f634bfefb7ad3e8e1494ce2995ae52df976	tests/regression/09_advanced/0950_exception.xr	5761	5779	215	AppErr	Msg	constructor	ACCEPT	tests/regression/09_advanced/0950_exception.xr	26	AppErr	same-module	reviewed	payload declaration tests/regression/09_advanced/0950_exception.xr:26	a3ba767b1d7d5904f65d978f5af7cc2d15fdfb7b56c7f8561a4ee300074c9fd3
0f5b4f634bfefb7ad3e8e1494ce2995ae52df976	tests/regression/09_advanced/0952_exception_constructor.xr	336	353	12	TestErr	Msg	constructor	ACCEPT	tests/regression/09_advanced/0952_exception_constructor.xr	6	TestErr	same-module	reviewed	payload declaration tests/regression/09_advanced/0952_exception_constructor.xr:6	0b8f38603ef1802dd56806728f3cbba44ed4b551b1ae5db32e9e6d64b55796de
0f5b4f634bfefb7ad3e8e1494ce2995ae52df976	tests/regression/09_advanced/0952_exception_constructor.xr	378	392	14	TestErr	Msg	pattern-direct	ACCEPT	tests/regression/09_advanced/0952_exception_constructor.xr	6	TestErr	same-module	reviewed	payload declaration tests/regression/09_advanced/0952_exception_constructor.xr:6	fff56b7946621eb5197eb4a51664d6937057ce2a2d73d370c66f7ac13997fd37
0f5b4f634bfefb7ad3e8e1494ce2995ae52df976	tests/regression/09_advanced/0952_exception_constructor.xr	508	541	21	TestErr	Wrapped	constructor	ACCEPT	tests/regression/09_advanced/0952_exception_constructor.xr	7	TestErr	same-module	reviewed	payload declaration tests/regression/09_advanced/0952_exception_constructor.xr:7	5f81178a958ec7d24d1a117ec535b014b01ab17f757440b146dd67281f5057f3
0f5b4f634bfefb7ad3e8e1494ce2995ae52df976	tests/regression/09_advanced/0952_exception_constructor.xr	566	593	23	TestErr	Wrapped	pattern-direct	ACCEPT	tests/regression/09_advanced/0952_exception_constructor.xr	7	TestErr	same-module	reviewed	payload declaration tests/regression/09_advanced/0952_exception_constructor.xr:7	371298aa94acf8accefee7ca4355a50aea98d30912077dfcba398d7bc7923784
0f5b4f634bfefb7ad3e8e1494ce2995ae52df976	tests/regression/09_advanced/0952_exception_constructor.xr	778	798	33	TestErr	Msg	constructor	ACCEPT	tests/regression/09_advanced/0952_exception_constructor.xr	6	TestErr	same-module	reviewed	payload declaration tests/regression/09_advanced/0952_exception_constructor.xr:6	b4cabeb8893e0f3bd26e8f23e8881ce9c25907deb461d8be64558571c45b8f05
0f5b4f634bfefb7ad3e8e1494ce2995ae52df976	tests/regression/09_advanced/0952_exception_constructor.xr	815	848	34	TestErr	Wrapped	constructor	ACCEPT	tests/regression/09_advanced/0952_exception_constructor.xr	7	TestErr	same-module	reviewed	payload declaration tests/regression/09_advanced/0952_exception_constructor.xr:7	5f81178a958ec7d24d1a117ec535b014b01ab17f757440b146dd67281f5057f3
0f5b4f634bfefb7ad3e8e1494ce2995ae52df976	tests/regression/09_advanced/0952_exception_constructor.xr	877	904	36	TestErr	Wrapped	pattern-direct	ACCEPT	tests/regression/09_advanced/0952_exception_constructor.xr	7	TestErr	same-module	reviewed	payload declaration tests/regression/09_advanced/0952_exception_constructor.xr:7	371298aa94acf8accefee7ca4355a50aea98d30912077dfcba398d7bc7923784
0f5b4f634bfefb7ad3e8e1494ce2995ae52df976	tests/regression/09_advanced/0952_exception_constructor.xr	992	1006	39	TestErr	Msg	pattern-direct	ACCEPT	tests/regression/09_advanced/0952_exception_constructor.xr	6	TestErr	same-module	reviewed	payload declaration tests/regression/09_advanced/0952_exception_constructor.xr:6	fff56b7946621eb5197eb4a51664d6937057ce2a2d73d370c66f7ac13997fd37
0f5b4f634bfefb7ad3e8e1494ce2995ae52df976	tests/regression/09_advanced/0952_exception_constructor.xr	1184	1203	49	TestErr	Msg	constructor	ACCEPT	tests/regression/09_advanced/0952_exception_constructor.xr	6	TestErr	same-module	reviewed	payload declaration tests/regression/09_advanced/0952_exception_constructor.xr:6	c371c3dfbb25f7947e1523599ca20d639bec793cd105a21b4e88004be1bf5485
0f5b4f634bfefb7ad3e8e1494ce2995ae52df976	tests/regression/09_advanced/0952_exception_constructor.xr	1339	1358	58	TestErr	Msg	constructor	ACCEPT	tests/regression/09_advanced/0952_exception_constructor.xr	6	TestErr	same-module	reviewed	payload declaration tests/regression/09_advanced/0952_exception_constructor.xr:6	627e1215a7397a601360539ef525a021cb25a5a48eb68809a173056ccc13f3d2
0f5b4f634bfefb7ad3e8e1494ce2995ae52df976	tests/regression/09_advanced/0952_exception_constructor.xr	1397	1411	60	TestErr	Msg	pattern-direct	ACCEPT	tests/regression/09_advanced/0952_exception_constructor.xr	6	TestErr	same-module	reviewed	payload declaration tests/regression/09_advanced/0952_exception_constructor.xr:6	fff56b7946621eb5197eb4a51664d6937057ce2a2d73d370c66f7ac13997fd37
0f5b4f634bfefb7ad3e8e1494ce2995ae52df976	tests/regression/09_advanced/0952_exception_constructor.xr	1595	1632	70	TestErr	Wrapped	constructor	ACCEPT	tests/regression/09_advanced/0952_exception_constructor.xr	7	TestErr	same-module	reviewed	payload declaration tests/regression/09_advanced/0952_exception_constructor.xr:7	5ecc53277421bd9d5aea2cff21818c3df29e6b818fb6d223e18fddeae7e43d13
0f5b4f634bfefb7ad3e8e1494ce2995ae52df976	tests/regression/09_advanced/0952_exception_constructor.xr	1683	1710	73	TestErr	Wrapped	pattern-direct	ACCEPT	tests/regression/09_advanced/0952_exception_constructor.xr	7	TestErr	same-module	reviewed	payload declaration tests/regression/09_advanced/0952_exception_constructor.xr:7	371298aa94acf8accefee7ca4355a50aea98d30912077dfcba398d7bc7923784
0f5b4f634bfefb7ad3e8e1494ce2995ae52df976	tests/regression/09_advanced/0952_exception_constructor.xr	1977	2001	87	TestErr	Msg	constructor	ACCEPT	tests/regression/09_advanced/0952_exception_constructor.xr	6	TestErr	same-module	reviewed	payload declaration tests/regression/09_advanced/0952_exception_constructor.xr:6	cf44fd1ac028eb51800896e9c36d0265d1b1dd37a02585ed1d434bb3eece0f33
0f5b4f634bfefb7ad3e8e1494ce2995ae52df976	tests/regression/09_advanced/0952_exception_constructor.xr	2143	2159	95	TestErr	Msg	constructor	ACCEPT	tests/regression/09_advanced/0952_exception_constructor.xr	6	TestErr	same-module	reviewed	payload declaration tests/regression/09_advanced/0952_exception_constructor.xr:6	187ef3c1fea14114d5b8317770ae983b0df00a726e105c6e9a340412d84fddc1
0f5b4f634bfefb7ad3e8e1494ce2995ae52df976	tests/regression/09_advanced/0952_exception_constructor.xr	2261	2275	102	TestErr	Msg	pattern-direct	ACCEPT	tests/regression/09_advanced/0952_exception_constructor.xr	6	TestErr	same-module	reviewed	payload declaration tests/regression/09_advanced/0952_exception_constructor.xr:6	fff56b7946621eb5197eb4a51664d6937057ce2a2d73d370c66f7ac13997fd37
0f5b4f634bfefb7ad3e8e1494ce2995ae52df976	tests/regression/09_advanced/0953_typed_multi_catch.xr	419	441	14	CatchErr	Msg	constructor	ACCEPT	tests/regression/09_advanced/0953_typed_multi_catch.xr	6	CatchErr	same-module	reviewed	payload declaration tests/regression/09_advanced/0953_typed_multi_catch.xr:6	23fbbe2e970d4e34fb25a540d2352e4ae51d51d26a3ee9a6f39d4e17f8c9adde
0f5b4f634bfefb7ad3e8e1494ce2995ae52df976	tests/regression/09_advanced/0953_typed_multi_catch.xr	480	495	16	CatchErr	Msg	pattern-direct	ACCEPT	tests/regression/09_advanced/0953_typed_multi_catch.xr	6	CatchErr	same-module	reviewed	payload declaration tests/regression/09_advanced/0953_typed_multi_catch.xr:6	e67de0def76aac33b3c5b4d03c86c430a264c7698ef247098b7959cf0400d57a
0f5b4f634bfefb7ad3e8e1494ce2995ae52df976	tests/regression/09_advanced/0953_typed_multi_catch.xr	674	695	26	CatchErr	Msg	constructor	ACCEPT	tests/regression/09_advanced/0953_typed_multi_catch.xr	6	CatchErr	same-module	reviewed	payload declaration tests/regression/09_advanced/0953_typed_multi_catch.xr:6	7044fbc1080e044277e9b615c76bcbff7c28a5467f3a7255030838c4d14339c7
0f5b4f634bfefb7ad3e8e1494ce2995ae52df976	tests/regression/09_advanced/0953_typed_multi_catch.xr	744	759	28	CatchErr	Msg	pattern-direct	ACCEPT	tests/regression/09_advanced/0953_typed_multi_catch.xr	6	CatchErr	same-module	reviewed	payload declaration tests/regression/09_advanced/0953_typed_multi_catch.xr:6	e67de0def76aac33b3c5b4d03c86c430a264c7698ef247098b7959cf0400d57a
0f5b4f634bfefb7ad3e8e1494ce2995ae52df976	tests/regression/09_advanced/0953_typed_multi_catch.xr	1043	1062	41	CatchErr	Msg	constructor	ACCEPT	tests/regression/09_advanced/0953_typed_multi_catch.xr	6	CatchErr	same-module	reviewed	payload declaration tests/regression/09_advanced/0953_typed_multi_catch.xr:6	8ab36e1cc774f3bd6dd015995940f09e743402c99fce3b6135216b49c3e0c5b0
0f5b4f634bfefb7ad3e8e1494ce2995ae52df976	tests/regression/09_advanced/0953_typed_multi_catch.xr	1119	1134	43	CatchErr	Msg	pattern-direct	ACCEPT	tests/regression/09_advanced/0953_typed_multi_catch.xr	6	CatchErr	same-module	reviewed	payload declaration tests/regression/09_advanced/0953_typed_multi_catch.xr:6	e67de0def76aac33b3c5b4d03c86c430a264c7698ef247098b7959cf0400d57a
0f5b4f634bfefb7ad3e8e1494ce2995ae52df976	tests/regression/09_advanced/0953_typed_multi_catch.xr	1371	1392	56	CatchErr	Msg	constructor	ACCEPT	tests/regression/09_advanced/0953_typed_multi_catch.xr	6	CatchErr	same-module	reviewed	payload declaration tests/regression/09_advanced/0953_typed_multi_catch.xr:6	e85ceb7049cde000ff4153177aca17334874ef64ea7493805e8965daa17f9e17
0f5b4f634bfefb7ad3e8e1494ce2995ae52df976	tests/regression/09_advanced/0953_typed_multi_catch.xr	1441	1456	58	CatchErr	Msg	pattern-direct	ACCEPT	tests/regression/09_advanced/0953_typed_multi_catch.xr	6	CatchErr	same-module	reviewed	payload declaration tests/regression/09_advanced/0953_typed_multi_catch.xr:6	e67de0def76aac33b3c5b4d03c86c430a264c7698ef247098b7959cf0400d57a
0f5b4f634bfefb7ad3e8e1494ce2995ae52df976	tests/regression/09_advanced/0953_typed_multi_catch.xr	1720	1741	70	CatchErr	Msg	constructor	ACCEPT	tests/regression/09_advanced/0953_typed_multi_catch.xr	6	CatchErr	same-module	reviewed	payload declaration tests/regression/09_advanced/0953_typed_multi_catch.xr:6	0b69421d1de3950ef1ea5e48d52631749d9f1cfc235fb619c3e5e37b9a153271
0f5b4f634bfefb7ad3e8e1494ce2995ae52df976	tests/regression/09_advanced/0953_typed_multi_catch.xr	2027	2045	85	CatchErr	Msg	constructor	ACCEPT	tests/regression/09_advanced/0953_typed_multi_catch.xr	6	CatchErr	same-module	reviewed	payload declaration tests/regression/09_advanced/0953_typed_multi_catch.xr:6	d42d354a31d42b6ec38358caf32346dddd96e13268f49fa0f242328c4b8b5957
0f5b4f634bfefb7ad3e8e1494ce2995ae52df976	tests/regression/09_advanced/0953_typed_multi_catch.xr	2102	2117	87	CatchErr	Msg	pattern-direct	ACCEPT	tests/regression/09_advanced/0953_typed_multi_catch.xr	6	CatchErr	same-module	reviewed	payload declaration tests/regression/09_advanced/0953_typed_multi_catch.xr:6	e67de0def76aac33b3c5b4d03c86c430a264c7698ef247098b7959cf0400d57a
0f5b4f634bfefb7ad3e8e1494ce2995ae52df976	tests/regression/09_advanced/0953_typed_multi_catch.xr	2436	2457	103	CatchErr	Msg	constructor	ACCEPT	tests/regression/09_advanced/0953_typed_multi_catch.xr	6	CatchErr	same-module	reviewed	payload declaration tests/regression/09_advanced/0953_typed_multi_catch.xr:6	38861c924b6c2764d7fecf93e418046e11bd2625d299418601aa46f5eaef9131
0f5b4f634bfefb7ad3e8e1494ce2995ae52df976	tests/regression/09_advanced/0953_typed_multi_catch.xr	2544	2568	106	CatchErr	Msg	constructor	ACCEPT	tests/regression/09_advanced/0953_typed_multi_catch.xr	6	CatchErr	same-module	reviewed	payload declaration tests/regression/09_advanced/0953_typed_multi_catch.xr:6	7a8126af1ece127b1ec860f5909a5a0f0725d41eb49ca60363b197ff6e8d7d59
0f5b4f634bfefb7ad3e8e1494ce2995ae52df976	tests/regression/09_advanced/0953_typed_multi_catch.xr	2659	2674	110	CatchErr	Msg	pattern-direct	ACCEPT	tests/regression/09_advanced/0953_typed_multi_catch.xr	6	CatchErr	same-module	reviewed	payload declaration tests/regression/09_advanced/0953_typed_multi_catch.xr:6	e67de0def76aac33b3c5b4d03c86c430a264c7698ef247098b7959cf0400d57a
0f5b4f634bfefb7ad3e8e1494ce2995ae52df976	tests/regression/09_advanced/0953_typed_multi_catch.xr	2958	2979	123	CatchErr	Msg	constructor	ACCEPT	tests/regression/09_advanced/0953_typed_multi_catch.xr	6	CatchErr	same-module	reviewed	payload declaration tests/regression/09_advanced/0953_typed_multi_catch.xr:6	0b69421d1de3950ef1ea5e48d52631749d9f1cfc235fb619c3e5e37b9a153271
0f5b4f634bfefb7ad3e8e1494ce2995ae52df976	tests/regression/09_advanced/0953_typed_multi_catch.xr	3028	3043	125	CatchErr	Msg	pattern-direct	ACCEPT	tests/regression/09_advanced/0953_typed_multi_catch.xr	6	CatchErr	same-module	reviewed	payload declaration tests/regression/09_advanced/0953_typed_multi_catch.xr:6	e67de0def76aac33b3c5b4d03c86c430a264c7698ef247098b7959cf0400d57a
0f5b4f634bfefb7ad3e8e1494ce2995ae52df976	tests/regression/09_advanced/0953_typed_multi_catch.xr	3089	3111	128	CatchErr	Msg	constructor	ACCEPT	tests/regression/09_advanced/0953_typed_multi_catch.xr	6	CatchErr	same-module	reviewed	payload declaration tests/regression/09_advanced/0953_typed_multi_catch.xr:6	14b3079727971253b51b47783cc0de0377e4a83117ff4a8dbc7cb0d196f1f718
0f5b4f634bfefb7ad3e8e1494ce2995ae52df976	tests/regression/09_advanced/0953_typed_multi_catch.xr	3160	3175	130	CatchErr	Msg	pattern-direct	ACCEPT	tests/regression/09_advanced/0953_typed_multi_catch.xr	6	CatchErr	same-module	reviewed	payload declaration tests/regression/09_advanced/0953_typed_multi_catch.xr:6	e67de0def76aac33b3c5b4d03c86c430a264c7698ef247098b7959cf0400d57a
0f5b4f634bfefb7ad3e8e1494ce2995ae52df976	tests/regression/09_advanced/0953_typed_multi_catch.xr	3361	3380	141	CatchErr	Msg	constructor	ACCEPT	tests/regression/09_advanced/0953_typed_multi_catch.xr	6	CatchErr	same-module	reviewed	payload declaration tests/regression/09_advanced/0953_typed_multi_catch.xr:6	3731987fd71113a5dccbd957dae7744306e61ff4055971e968d0d206cf17c99b
0f5b4f634bfefb7ad3e8e1494ce2995ae52df976	tests/regression/09_advanced/0953_typed_multi_catch.xr	3419	3434	143	CatchErr	Msg	pattern-direct	ACCEPT	tests/regression/09_advanced/0953_typed_multi_catch.xr	6	CatchErr	same-module	reviewed	payload declaration tests/regression/09_advanced/0953_typed_multi_catch.xr:6	e67de0def76aac33b3c5b4d03c86c430a264c7698ef247098b7959cf0400d57a
0f5b4f634bfefb7ad3e8e1494ce2995ae52df976	tests/regression/09_advanced/0953_typed_multi_catch.xr	3655	3675	153	CatchErr	Msg	constructor	ACCEPT	tests/regression/09_advanced/0953_typed_multi_catch.xr	6	CatchErr	same-module	reviewed	payload declaration tests/regression/09_advanced/0953_typed_multi_catch.xr:6	4dbe17be56d630ce8085bf03d213b991c7bbef5dff203aeaff9269f792b7ac93
0f5b4f634bfefb7ad3e8e1494ce2995ae52df976	tests/regression/09_advanced/0953_typed_multi_catch.xr	3767	3782	157	CatchErr	Msg	pattern-direct	ACCEPT	tests/regression/09_advanced/0953_typed_multi_catch.xr	6	CatchErr	same-module	reviewed	payload declaration tests/regression/09_advanced/0953_typed_multi_catch.xr:6	e67de0def76aac33b3c5b4d03c86c430a264c7698ef247098b7959cf0400d57a
0f5b4f634bfefb7ad3e8e1494ce2995ae52df976	tests/regression/09_advanced/0958_try_optional.xr	436	473	14	OptErr	Msg	constructor	ACCEPT	tests/regression/09_advanced/0958_try_optional.xr	6	OptErr	same-module	reviewed	payload declaration tests/regression/09_advanced/0958_try_optional.xr:6	e29656f1ac38a116cb72da7c9d802e8dca94b020f7889fd483f26c2a141bb96d
0f5b4f634bfefb7ad3e8e1494ce2995ae52df976	tests/regression/09_advanced/0958_try_optional.xr	582	620	21	OptErr	Msg	constructor	ACCEPT	tests/regression/09_advanced/0958_try_optional.xr	6	OptErr	same-module	reviewed	payload declaration tests/regression/09_advanced/0958_try_optional.xr:6	a6764954106752b6f7b53ca29f7ad146fa7ec9c7c2db16f9b467a115082bd700
0f5b4f634bfefb7ad3e8e1494ce2995ae52df976	tests/regression/09_advanced/0958_try_optional.xr	705	733	27	OptErr	Msg	constructor	ACCEPT	tests/regression/09_advanced/0958_try_optional.xr	6	OptErr	same-module	reviewed	payload declaration tests/regression/09_advanced/0958_try_optional.xr:6	b3c02aefaa34191af7f263ddbbccdc289f967b67435b87cdda96750886e9e951
0f5b4f634bfefb7ad3e8e1494ce2995ae52df976	tests/regression/09_advanced/0958_try_optional.xr	2285	2320	102	OptErr	Msg	constructor	ACCEPT	tests/regression/09_advanced/0958_try_optional.xr	6	OptErr	same-module	reviewed	payload declaration tests/regression/09_advanced/0958_try_optional.xr:6	cbb6238c56c44e3ac7e7af84b6d913d8e870287a25c2f1ae09a42dc78f913646
0f5b4f634bfefb7ad3e8e1494ce2995ae52df976	tests/regression/09_advanced/0958_try_optional.xr	3052	3073	135	OptErr	Msg	constructor	ACCEPT	tests/regression/09_advanced/0958_try_optional.xr	6	OptErr	same-module	reviewed	payload declaration tests/regression/09_advanced/0958_try_optional.xr:6	47fede118b3de5128573c022ec5c5a231feb089de90e53a1ad39d3f4aea9e9c3
0f5b4f634bfefb7ad3e8e1494ce2995ae52df976	tests/regression/09_advanced/0958_try_optional.xr	3153	3175	137	OptErr	Msg	constructor	ACCEPT	tests/regression/09_advanced/0958_try_optional.xr	6	OptErr	same-module	reviewed	payload declaration tests/regression/09_advanced/0958_try_optional.xr:6	418b21ed65b1acd7936f1588c8a54857f6f5bfec2add54974135cf1a911d1a83
0f5b4f634bfefb7ad3e8e1494ce2995ae52df976	tests/regression/09_advanced/0959_try_force.xr	340	375	12	ForceErr	Msg	constructor	ACCEPT	tests/regression/09_advanced/0959_try_force.xr	7	ForceErr	same-module	reviewed	payload declaration tests/regression/09_advanced/0959_try_force.xr:7	15b90a6e36cbdc5c6a2f70712873488ee13a1d1db74f8af37ed8c2f339b49cd6
0f5b4f634bfefb7ad3e8e1494ce2995ae52df976	tests/regression/09_advanced/0959_try_force.xr	484	514	19	ForceErr	Msg	constructor	ACCEPT	tests/regression/09_advanced/0959_try_force.xr	7	ForceErr	same-module	reviewed	payload declaration tests/regression/09_advanced/0959_try_force.xr:7	a6993dac96a186cf53d64937862ab313560e4ba46842f7a04644f0bb6be68953
0f5b4f634bfefb7ad3e8e1494ce2995ae52df976	tests/regression/09_advanced/0959_try_force.xr	1223	1238	50	ForceErr	Msg	pattern-direct	ACCEPT	tests/regression/09_advanced/0959_try_force.xr	7	ForceErr	same-module	reviewed	payload declaration tests/regression/09_advanced/0959_try_force.xr:7	50e3395b11c872a3f4c96108c7126c2f162a658e4779d9544da6c2df7fdf4af7
0f5b4f634bfefb7ad3e8e1494ce2995ae52df976	tests/regression/09_advanced/0959_try_force.xr	1690	1705	68	ForceErr	Msg	pattern-direct	ACCEPT	tests/regression/09_advanced/0959_try_force.xr	7	ForceErr	same-module	reviewed	payload declaration tests/regression/09_advanced/0959_try_force.xr:7	50e3395b11c872a3f4c96108c7126c2f162a658e4779d9544da6c2df7fdf4af7
0f5b4f634bfefb7ad3e8e1494ce2995ae52df976	tests/regression/10_stdlib/1035_namespace_import_typed.xr	609	630	28	typed_lib	Point	constructor	REJECT	-	0	-	reviewed-reject:unresolved-module-name	reviewed	reviewed namespace-imported class constructor; receiver is a module alias	f489bec383532c18f96364d1d0f96d7e24136be5016e018d9c93446a6eebda8e
0f5b4f634bfefb7ad3e8e1494ce2995ae52df976	tests/regression/10_stdlib/1036_cross_module_generic_enum.xr	346	364	12	Result	Ok	pattern-direct	ACCEPT	tests/regression/10_stdlib/modules/generic_result_lib.xr	6	Result	import->module-export	reviewed	payload declaration tests/regression/10_stdlib/modules/generic_result_lib.xr:6	a767ec6f4473ac76859d104d78c5b7d13584f4495d28a4a6e0631645098616ac
0f5b4f634bfefb7ad3e8e1494ce2995ae52df976	tests/regression/10_stdlib/1036_cross_module_generic_enum.xr	436	449	15	Result	Err	pattern-direct	ACCEPT	tests/regression/10_stdlib/modules/generic_result_lib.xr	7	Result	import->module-export	reviewed	payload declaration tests/regression/10_stdlib/modules/generic_result_lib.xr:7	f09beb8b527a72b93bd6c1dd7c324f1b407761c91e596f3d06b9e7d86e6b8495
0f5b4f634bfefb7ad3e8e1494ce2995ae52df976	tests/regression/10_stdlib/1101_regex_engine.xr	19872	19905	729	RegexError	InvalidPattern	pattern-direct	ACCEPT	stdlib/regex/regex.xr	1743	RegexError	import->module-export	reviewed	payload declaration stdlib/regex/regex.xr:1745	fed50f3a7cdd2dfd3ba0d40493eb48532f0c058326ceea1c4c893095076c9b2e
0f5b4f634bfefb7ad3e8e1494ce2995ae52df976	tests/regression/10_stdlib/1305_csv_basic.xr	783	808	32	CsvHeader	Explicit	constructor	ACCEPT	stdlib/csv/csv.xr	16	CsvHeader	import->module-export	reviewed	payload declaration stdlib/csv/csv.xr:16	2cf74c9fd8214720925cce9ef2fb62c0dfa7b0524b4bf19ae8fe129d902bc080
0f5b4f634bfefb7ad3e8e1494ce2995ae52df976	tests/regression/10_stdlib/1305_csv_basic.xr	1706	1772	59	CsvError	FieldCountMismatch	pattern-direct	ACCEPT	stdlib/csv/csv.xr	51	CsvError	import->module-export	reviewed	payload declaration stdlib/csv/csv.xr:51	58503d8c5f85a06a7f67fd431b01efad86517bc64362c236ab198eab4da846d7
0f5b4f634bfefb7ad3e8e1494ce2995ae52df976	tests/regression/10_stdlib/1305_csv_basic.xr	1966	1990	69	CsvDelimiter	Exact	constructor	ACCEPT	stdlib/csv/csv.xr	9	CsvDelimiter	import->module-export	reviewed	payload declaration stdlib/csv/csv.xr:9	e6bfb79c8c664c85aa18c74c05901495e87d719240168a654193be09c783c4e7
0f5b4f634bfefb7ad3e8e1494ce2995ae52df976	tests/regression/10_stdlib/1305_csv_basic.xr	4144	4179	139	CsvError	ColumnLimitExceeded	pattern-direct	ACCEPT	stdlib/csv/csv.xr	48	CsvError	import->module-export	reviewed	payload declaration stdlib/csv/csv.xr:48	930eaa41f9ef3cb8713c1b77b460bf226967a7b1bae2b816d08cdf1334f8958a
0f5b4f634bfefb7ad3e8e1494ce2995ae52df976	tests/regression/10_stdlib/1309_xml_advanced.xr	248	270	8	XmlNode	Document	pattern-direct	ACCEPT	stdlib/xml/xml.xr	42	XmlNode	import->module-export	reviewed	payload declaration stdlib/xml/xml.xr:42	414a4f81b5fb84dc3c2e509242a8dc2f8589b7b7e94a17d0f0d505524b009027
0f5b4f634bfefb7ad3e8e1494ce2995ae52df976	tests/regression/10_stdlib/1309_xml_advanced.xr	307	341	9	XmlNode	Element	pattern-direct	ACCEPT	stdlib/xml/xml.xr	43	XmlNode	import->module-export	reviewed	payload declaration stdlib/xml/xml.xr:43	3a39f2958179108a03208df44f060f7ee58f5dc7341d3377911a56cc9e64e535
0f5b4f634bfefb7ad3e8e1494ce2995ae52df976	tests/regression/10_stdlib/1309_xml_advanced.xr	365	380	10	XmlNode	Text	pattern-direct	ACCEPT	stdlib/xml/xml.xr	44	XmlNode	import->module-export	reviewed	payload declaration stdlib/xml/xml.xr:44	35e5470292911f13dbc0023c25f31d7f6a0d451b8bb03d83ac19a7f4674a823e
0f5b4f634bfefb7ad3e8e1494ce2995ae52df976	tests/regression/10_stdlib/1309_xml_advanced.xr	420	438	11	XmlNode	Comment	pattern-direct	ACCEPT	stdlib/xml/xml.xr	45	XmlNode	import->module-export	reviewed	payload declaration stdlib/xml/xml.xr:45	d1dc310d582246f0db107a9a363507c9e108d14029efa3c071879ac6eeeffec5
0f5b4f634bfefb7ad3e8e1494ce2995ae52df976	tests/regression/10_stdlib/1309_xml_advanced.xr	478	494	12	XmlNode	CData	pattern-direct	ACCEPT	stdlib/xml/xml.xr	46	XmlNode	import->module-export	reviewed	payload declaration stdlib/xml/xml.xr:46	af16caf0d41d603b0e3a199ccea28f55c5497fc052d4b042d7b9c885fbe66630
0f5b4f634bfefb7ad3e8e1494ce2995ae52df976	tests/regression/10_stdlib/1309_xml_advanced.xr	534	569	13	XmlNode	ProcessingInstruction	pattern-direct	ACCEPT	stdlib/xml/xml.xr	47	XmlNode	import->module-export	reviewed	payload declaration stdlib/xml/xml.xr:47	3a71f931540de25793ad074e7eb65a18c787eca4625832c6f683d2b8cdd5924a
0f5b4f634bfefb7ad3e8e1494ce2995ae52df976	tests/regression/10_stdlib/1411_url_parse.xr	5700	5735	205	UrlError	InvalidPercentEncoding	pattern-direct	ACCEPT	stdlib/url/url.xr	10	UrlError	import->module-export	reviewed	payload declaration stdlib/url/url.xr:10	c0a6e3a6ebed0407e73f4cff07b979b505b3d83b7dd9fab6520c796a4ac72474
0f5b4f634bfefb7ad3e8e1494ce2995ae52df976	tests/regression/10_stdlib/1502_http_request_options.xr	231	244	9	Recv	Value	pattern-direct	ACCEPT	stdlib/types/channel.xr	4	Recv	builtin-symbol	reviewed	payload declaration stdlib/types/channel.xr:4	78804a8dd69390e491f49c05a5b08e146f6fda37898bced2f45d6719896a1289
0f5b4f634bfefb7ad3e8e1494ce2995ae52df976	tests/regression/10_stdlib/1510_http2_client.xr	1425	1456	52	HttpError	InvalidHeaderValue	pattern-catch	ACCEPT	stdlib/http/http.xr	1243	HttpError	import->module-export	reviewed	payload declaration stdlib/http/http.xr:1243	b312a618677c5616b48ebdf971e8e01e8bb4bacfdaf23225c264a52768aec71b
0f5b4f634bfefb7ad3e8e1494ce2995ae52df976	tests/regression/10_stdlib/1510_http2_client.xr	1644	1674	61	HttpError	InvalidHeaderName	pattern-catch	ACCEPT	stdlib/http/http.xr	1242	HttpError	import->module-export	reviewed	payload declaration stdlib/http/http.xr:1242	44c109e22a6035fc3a78d0c0e57593339bd062e9a0591cccb6adb04b2551dfdf
0f5b4f634bfefb7ad3e8e1494ce2995ae52df976	tests/regression/10_stdlib/1511_cluster_opaque_transport.xr	502	519	23	Recv	Value	pattern-direct	ACCEPT	stdlib/types/channel.xr	4	Recv	builtin-symbol	reviewed	payload declaration stdlib/types/channel.xr:4	1ef8f9d0be069ca601cdd76ca1aff8602e8f2c0020bb19ec7368ef92f43967ee
0f5b4f634bfefb7ad3e8e1494ce2995ae52df976	tests/regression/10_stdlib/1512_http2_protocol.xr	14631	14658	395	Http2Error	ProtocolError	pattern-direct	ACCEPT	stdlib/http2/http2.xr	107	Http2Error	import->module-export	reviewed	payload declaration stdlib/http2/http2.xr:107	d4d65393f0a4a59653797042b78e4189d707cc2a1488514382aaa1ea29a2c497
0f5b4f634bfefb7ad3e8e1494ce2995ae52df976	tests/regression/10_stdlib/1512_http2_protocol.xr	15039	15066	410	Http2Error	ProtocolError	pattern-direct	ACCEPT	stdlib/http2/http2.xr	107	Http2Error	import->module-export	reviewed	payload declaration stdlib/http2/http2.xr:107	d4d65393f0a4a59653797042b78e4189d707cc2a1488514382aaa1ea29a2c497
0f5b4f634bfefb7ad3e8e1494ce2995ae52df976	tests/regression/10_stdlib/modules/generic_result_lib.xr	273	289	18	Result	Ok	constructor	ACCEPT	tests/regression/10_stdlib/modules/generic_result_lib.xr	6	Result	same-module	reviewed	payload declaration tests/regression/10_stdlib/modules/generic_result_lib.xr:6	eca77fe3f5ab3266c998f94af6ff0cfa161d0f9fc8639b1dbeb5208a47a3ef70
0f5b4f634bfefb7ad3e8e1494ce2995ae52df976	tests/regression/11_coroutine/1101_channel_basic.xr	207	220	12	Recv	Value	pattern-direct	ACCEPT	stdlib/types/channel.xr	4	Recv	builtin-symbol	reviewed	payload declaration stdlib/types/channel.xr:4	78804a8dd69390e491f49c05a5b08e146f6fda37898bced2f45d6719896a1289
0f5b4f634bfefb7ad3e8e1494ce2995ae52df976	tests/regression/11_coroutine/1101_channel_basic.xr	317	330	19	Recv	Value	pattern-direct	ACCEPT	stdlib/types/channel.xr	4	Recv	builtin-symbol	reviewed	payload declaration stdlib/types/channel.xr:4	ea84b14783bc1ac962f54996bf3f7346313a485ab793934d78768375060b5234
0f5b4f634bfefb7ad3e8e1494ce2995ae52df976	tests/regression/11_coroutine/1104_coroutine_combined.xr	120	133	6	Recv	Value	pattern-direct	ACCEPT	stdlib/types/channel.xr	4	Recv	builtin-symbol	reviewed	payload declaration stdlib/types/channel.xr:4	78804a8dd69390e491f49c05a5b08e146f6fda37898bced2f45d6719896a1289
0f5b4f634bfefb7ad3e8e1494ce2995ae52df976	tests/regression/11_coroutine/1109_await_any.xr	155	168	9	Recv	Value	pattern-direct	ACCEPT	stdlib/types/channel.xr	4	Recv	builtin-symbol	reviewed	payload declaration stdlib/types/channel.xr:4	78804a8dd69390e491f49c05a5b08e146f6fda37898bced2f45d6719896a1289
0f5b4f634bfefb7ad3e8e1494ce2995ae52df976	tests/regression/11_coroutine/1111_comprehensive.xr	86	99	5	Recv	Value	pattern-direct	ACCEPT	stdlib/types/channel.xr	4	Recv	builtin-symbol	reviewed	payload declaration stdlib/types/channel.xr:4	ea84b14783bc1ac962f54996bf3f7346313a485ab793934d78768375060b5234
0f5b4f634bfefb7ad3e8e1494ce2995ae52df976	tests/regression/11_coroutine/1113_select_send.xr	87	100	5	Recv	Value	pattern-direct	ACCEPT	stdlib/types/channel.xr	4	Recv	builtin-symbol	reviewed	payload declaration stdlib/types/channel.xr:4	78804a8dd69390e491f49c05a5b08e146f6fda37898bced2f45d6719896a1289
0f5b4f634bfefb7ad3e8e1494ce2995ae52df976	tests/regression/11_coroutine/1113_select_send.xr	197	210	12	Recv	Value	pattern-direct	ACCEPT	stdlib/types/channel.xr	4	Recv	builtin-symbol	reviewed	payload declaration stdlib/types/channel.xr:4	ea84b14783bc1ac962f54996bf3f7346313a485ab793934d78768375060b5234
0f5b4f634bfefb7ad3e8e1494ce2995ae52df976	tests/regression/11_coroutine/1115_cancel.xr	132	145	6	Recv	Value	pattern-direct	ACCEPT	stdlib/types/channel.xr	4	Recv	builtin-symbol	reviewed	payload declaration stdlib/types/channel.xr:4	78804a8dd69390e491f49c05a5b08e146f6fda37898bced2f45d6719896a1289
0f5b4f634bfefb7ad3e8e1494ce2995ae52df976	tests/regression/11_coroutine/1115_cancel.xr	771	792	34	TaskResult	Success	pattern-direct	ACCEPT	stdlib/types/coroutine.xr	4	TaskResult	builtin-symbol	reviewed	payload declaration stdlib/types/coroutine.xr:4	b9294ace8ccc5f6f77474b59b0408ed75f3874936468a805fae44be7af16b6d2
0f5b4f634bfefb7ad3e8e1494ce2995ae52df976	tests/regression/11_coroutine/1116_task_status.xr	137	150	6	Recv	Value	pattern-direct	ACCEPT	stdlib/types/channel.xr	4	Recv	builtin-symbol	reviewed	payload declaration stdlib/types/channel.xr:4	78804a8dd69390e491f49c05a5b08e146f6fda37898bced2f45d6719896a1289
0f5b4f634bfefb7ad3e8e1494ce2995ae52df976	tests/regression/11_coroutine/1117_await_timeout.xr	413	434	27	TaskResult	Success	pattern-direct	ACCEPT	stdlib/types/coroutine.xr	4	TaskResult	builtin-symbol	reviewed	payload declaration stdlib/types/coroutine.xr:4	4ac84991b6cf36c7c81cd63374510d830d44c9c35a71808335fe33876de5f579
0f5b4f634bfefb7ad3e8e1494ce2995ae52df976	tests/regression/11_coroutine/1117_await_timeout.xr	646	667	36	TaskResult	Success	pattern-direct	ACCEPT	stdlib/types/coroutine.xr	4	TaskResult	builtin-symbol	reviewed	payload declaration stdlib/types/coroutine.xr:4	4ac84991b6cf36c7c81cd63374510d830d44c9c35a71808335fe33876de5f579
0f5b4f634bfefb7ad3e8e1494ce2995ae52df976	tests/regression/11_coroutine/1117_await_timeout.xr	924	945	46	TaskResult	Success	pattern-direct	ACCEPT	stdlib/types/coroutine.xr	4	TaskResult	builtin-symbol	reviewed	payload declaration stdlib/types/coroutine.xr:4	4ac84991b6cf36c7c81cd63374510d830d44c9c35a71808335fe33876de5f579
0f5b4f634bfefb7ad3e8e1494ce2995ae52df976	tests/regression/11_coroutine/1118_comprehensive.xr	189	202	7	Recv	Value	pattern-direct	ACCEPT	stdlib/types/channel.xr	4	Recv	builtin-symbol	reviewed	payload declaration stdlib/types/channel.xr:4	78804a8dd69390e491f49c05a5b08e146f6fda37898bced2f45d6719896a1289
0f5b4f634bfefb7ad3e8e1494ce2995ae52df976	tests/regression/11_coroutine/1118_comprehensive.xr	310	323	14	Recv	Value	pattern-direct	ACCEPT	stdlib/types/channel.xr	4	Recv	builtin-symbol	reviewed	payload declaration stdlib/types/channel.xr:4	78804a8dd69390e491f49c05a5b08e146f6fda37898bced2f45d6719896a1289
0f5b4f634bfefb7ad3e8e1494ce2995ae52df976	tests/regression/11_coroutine/1123_channel_timeout.xr	412	425	19	Recv	Value	pattern-direct	ACCEPT	stdlib/types/channel.xr	4	Recv	builtin-symbol	reviewed	payload declaration stdlib/types/channel.xr:4	78804a8dd69390e491f49c05a5b08e146f6fda37898bced2f45d6719896a1289
0f5b4f634bfefb7ad3e8e1494ce2995ae52df976	tests/regression/11_coroutine/1123_channel_timeout.xr	500	513	23	Recv	Value	pattern-direct	ACCEPT	stdlib/types/channel.xr	4	Recv	builtin-symbol	reviewed	payload declaration stdlib/types/channel.xr:4	ea84b14783bc1ac962f54996bf3f7346313a485ab793934d78768375060b5234
0f5b4f634bfefb7ad3e8e1494ce2995ae52df976	tests/regression/11_coroutine/1123_channel_timeout.xr	892	905	34	Recv	Value	pattern-direct	ACCEPT	stdlib/types/channel.xr	4	Recv	builtin-symbol	reviewed	payload declaration stdlib/types/channel.xr:4	78804a8dd69390e491f49c05a5b08e146f6fda37898bced2f45d6719896a1289
0f5b4f634bfefb7ad3e8e1494ce2995ae52df976	tests/regression/11_coroutine/1123_channel_timeout.xr	1315	1328	48	Recv	Value	pattern-direct	ACCEPT	stdlib/types/channel.xr	4	Recv	builtin-symbol	reviewed	payload declaration stdlib/types/channel.xr:4	78804a8dd69390e491f49c05a5b08e146f6fda37898bced2f45d6719896a1289
0f5b4f634bfefb7ad3e8e1494ce2995ae52df976	tests/regression/11_coroutine/1123_channel_timeout.xr	2262	2277	84	Recv	Value	pattern-direct	ACCEPT	stdlib/types/channel.xr	4	Recv	builtin-symbol	reviewed	payload declaration stdlib/types/channel.xr:4	57e0e8785393332530d5f4a12eb2143cab093f6c761eeeafb2a6d9e9c28b0ebf
0f5b4f634bfefb7ad3e8e1494ce2995ae52df976	tests/regression/11_coroutine/1130_linked_scope.xr	454	473	12	WorkerErr	Failed	constructor	ACCEPT	tests/regression/11_coroutine/1130_linked_scope.xr	9	WorkerErr	same-module	reviewed	payload declaration tests/regression/11_coroutine/1130_linked_scope.xr:9	bcfbad38fa9ef85e4be1adc058e71a7a52459bf7c731faee19bf607bbeafacfd
0f5b4f634bfefb7ad3e8e1494ce2995ae52df976	tests/regression/11_coroutine/1130_linked_scope.xr	775	794	29	WorkerErr	Failed	pattern-direct	ACCEPT	tests/regression/11_coroutine/1130_linked_scope.xr	9	WorkerErr	same-module	reviewed	payload declaration tests/regression/11_coroutine/1130_linked_scope.xr:9	8b291bf0087d5081944bec60f0535c8d790beaa004f6841fa1c68f792419a4f5
0f5b4f634bfefb7ad3e8e1494ce2995ae52df976	tests/regression/11_coroutine/1131_linked_go_expr.xr	401	426	16	TaskResult	Success	pattern-direct	ACCEPT	stdlib/types/coroutine.xr	4	TaskResult	builtin-symbol	reviewed	payload declaration stdlib/types/coroutine.xr:4	81c43206cc8b2bb814da492e9ff62b7f18825eac2b17a9634fee370967f10273
0f5b4f634bfefb7ad3e8e1494ce2995ae52df976	tests/regression/11_coroutine/1132_task_monitor.xr	157	193	9	MonitorErr	Msg	constructor	ACCEPT	tests/regression/11_coroutine/1132_task_monitor.xr	3	MonitorErr	same-module	reviewed	payload declaration tests/regression/11_coroutine/1132_task_monitor.xr:3	3df82a6a9e2474ade60e4cf9c2fac2b2d1912ab5d56580bd4760f519a0ea069e
0f5b4f634bfefb7ad3e8e1494ce2995ae52df976	tests/regression/11_coroutine/1132_task_monitor.xr	314	339	16	TaskResult	Success	pattern-direct	ACCEPT	stdlib/types/coroutine.xr	4	TaskResult	builtin-symbol	reviewed	payload declaration stdlib/types/coroutine.xr:4	81c43206cc8b2bb814da492e9ff62b7f18825eac2b17a9634fee370967f10273
0f5b4f634bfefb7ad3e8e1494ce2995ae52df976	tests/regression/11_coroutine/1132_task_monitor.xr	654	674	25	TaskResult	Failed	pattern-direct	ACCEPT	stdlib/types/coroutine.xr	5	TaskResult	builtin-symbol	reviewed	payload declaration stdlib/types/coroutine.xr:5	cc2bbdfc43962594a57c097ed8ac0a32344c02ab7b2c9de6245f7c292367e354
0f5b4f634bfefb7ad3e8e1494ce2995ae52df976	tests/regression/11_coroutine/1132_task_monitor.xr	1000	1025	35	TaskResult	Success	pattern-direct	ACCEPT	stdlib/types/coroutine.xr	4	TaskResult	builtin-symbol	reviewed	payload declaration stdlib/types/coroutine.xr:4	81c43206cc8b2bb814da492e9ff62b7f18825eac2b17a9634fee370967f10273
0f5b4f634bfefb7ad3e8e1494ce2995ae52df976	tests/regression/11_coroutine/1134_linked_go_propagation.xr	126	159	6	LinkErr	Msg	constructor	ACCEPT	tests/regression/11_coroutine/1134_linked_go_propagation.xr	3	LinkErr	same-module	reviewed	payload declaration tests/regression/11_coroutine/1134_linked_go_propagation.xr:3	9b0217d49565d1e94fcdfc241beb5c8f8b998e6a9aad2a1c4bebb5afaef4c1ae
0f5b4f634bfefb7ad3e8e1494ce2995ae52df976	tests/regression/11_coroutine/1134_linked_go_propagation.xr	400	420	20	TaskResult	Failed	pattern-direct	ACCEPT	stdlib/types/coroutine.xr	5	TaskResult	builtin-symbol	reviewed	payload declaration stdlib/types/coroutine.xr:5	cc2bbdfc43962594a57c097ed8ac0a32344c02ab7b2c9de6245f7c292367e354
0f5b4f634bfefb7ad3e8e1494ce2995ae52df976	tests/regression/11_coroutine/1135_scope_child_errors.xr	356	391	15	SvErr	Msg	constructor	ACCEPT	tests/regression/11_coroutine/1135_scope_child_errors.xr	6	SvErr	same-module	reviewed	payload declaration tests/regression/11_coroutine/1135_scope_child_errors.xr:6	73edf96ec8eed49c6dc7f68225f83b7deeb6dec5a2c35dfb588345ccbdc4436c
0f5b4f634bfefb7ad3e8e1494ce2995ae52df976	tests/regression/11_coroutine/1135_scope_child_errors.xr	609	622	28	Recv	Value	pattern-direct	ACCEPT	stdlib/types/channel.xr	4	Recv	builtin-symbol	reviewed	payload declaration stdlib/types/channel.xr:4	78804a8dd69390e491f49c05a5b08e146f6fda37898bced2f45d6719896a1289
0f5b4f634bfefb7ad3e8e1494ce2995ae52df976	tests/regression/11_coroutine/1135_scope_child_errors.xr	1151	1171	52	TaskResult	Failed	pattern-direct	ACCEPT	stdlib/types/coroutine.xr	5	TaskResult	builtin-symbol	reviewed	payload declaration stdlib/types/coroutine.xr:5	cc2bbdfc43962594a57c097ed8ac0a32344c02ab7b2c9de6245f7c292367e354
0f5b4f634bfefb7ad3e8e1494ce2995ae52df976	tests/regression/11_coroutine/1136_task_link.xr	145	170	8	LinkErr	Msg	constructor	ACCEPT	tests/regression/11_coroutine/1136_task_link.xr	5	LinkErr	same-module	reviewed	payload declaration tests/regression/11_coroutine/1136_task_link.xr:5	2cdd07265415da1e0cd4b8a4305e8e0da5c0cad8686dd73fcdb15f98e4aa5b64
0f5b4f634bfefb7ad3e8e1494ce2995ae52df976	tests/regression/11_coroutine/1136_task_link.xr	669	689	31	TaskResult	Failed	pattern-direct	ACCEPT	stdlib/types/coroutine.xr	5	TaskResult	builtin-symbol	reviewed	payload declaration stdlib/types/coroutine.xr:5	cc2bbdfc43962594a57c097ed8ac0a32344c02ab7b2c9de6245f7c292367e354
0f5b4f634bfefb7ad3e8e1494ce2995ae52df976	tests/regression/11_coroutine/1137_await_any_success.xr	176	196	12	CoroErr	Msg	constructor	ACCEPT	tests/regression/11_coroutine/1137_await_any_success.xr	6	CoroErr	same-module	reviewed	payload declaration tests/regression/11_coroutine/1137_await_any_success.xr:6	76ee75c7926a6ac54c6b4ee67bb6591a8dfd0875a14367b6f669714d45994f8f
0f5b4f634bfefb7ad3e8e1494ce2995ae52df976	tests/regression/11_coroutine/1137_await_any_success.xr	880	900	39	TaskResult	Failed	pattern-direct	ACCEPT	stdlib/types/coroutine.xr	5	TaskResult	builtin-symbol	reviewed	payload declaration stdlib/types/coroutine.xr:5	cc2bbdfc43962594a57c097ed8ac0a32344c02ab7b2c9de6245f7c292367e354
0f5b4f634bfefb7ad3e8e1494ce2995ae52df976	tests/regression/11_coroutine/1138_get_result.xr	139	152	6	Recv	Value	pattern-direct	ACCEPT	stdlib/types/channel.xr	4	Recv	builtin-symbol	reviewed	payload declaration stdlib/types/channel.xr:4	78804a8dd69390e491f49c05a5b08e146f6fda37898bced2f45d6719896a1289
0f5b4f634bfefb7ad3e8e1494ce2995ae52df976	tests/regression/11_coroutine/1138_get_result.xr	614	635	29	TaskResult	Success	pattern-direct	ACCEPT	stdlib/types/coroutine.xr	4	TaskResult	builtin-symbol	reviewed	payload declaration stdlib/types/coroutine.xr:4	4ac84991b6cf36c7c81cd63374510d830d44c9c35a71808335fe33876de5f579
0f5b4f634bfefb7ad3e8e1494ce2995ae52df976	tests/regression/11_coroutine/1138_get_result.xr	1167	1188	49	TaskResult	Success	pattern-direct	ACCEPT	stdlib/types/coroutine.xr	4	TaskResult	builtin-symbol	reviewed	payload declaration stdlib/types/coroutine.xr:4	4ac84991b6cf36c7c81cd63374510d830d44c9c35a71808335fe33876de5f579
0f5b4f634bfefb7ad3e8e1494ce2995ae52df976	tests/regression/11_coroutine/1139_error_isolation.xr	455	475	28	TaskResult	Failed	pattern-direct	ACCEPT	stdlib/types/coroutine.xr	5	TaskResult	builtin-symbol	reviewed	payload declaration stdlib/types/coroutine.xr:5	cc2bbdfc43962594a57c097ed8ac0a32344c02ab7b2c9de6245f7c292367e354
0f5b4f634bfefb7ad3e8e1494ce2995ae52df976	tests/regression/11_coroutine/1140_task_error.xr	331	351	20	TaskResult	Failed	pattern-direct	ACCEPT	stdlib/types/coroutine.xr	5	TaskResult	builtin-symbol	reviewed	payload declaration stdlib/types/coroutine.xr:5	cc2bbdfc43962594a57c097ed8ac0a32344c02ab7b2c9de6245f7c292367e354
0f5b4f634bfefb7ad3e8e1494ce2995ae52df976	tests/regression/11_coroutine/1140_task_error.xr	531	552	29	TaskResult	Success	pattern-direct	ACCEPT	stdlib/types/coroutine.xr	4	TaskResult	builtin-symbol	reviewed	payload declaration stdlib/types/coroutine.xr:4	4ac84991b6cf36c7c81cd63374510d830d44c9c35a71808335fe33876de5f579
0f5b4f634bfefb7ad3e8e1494ce2995ae52df976	tests/regression/11_coroutine/1141_concurrent_producer_consumer.xr	84	97	5	Recv	Value	pattern-direct	ACCEPT	stdlib/types/channel.xr	4	Recv	builtin-symbol	reviewed	payload declaration stdlib/types/channel.xr:4	78804a8dd69390e491f49c05a5b08e146f6fda37898bced2f45d6719896a1289
0f5b4f634bfefb7ad3e8e1494ce2995ae52df976	tests/regression/11_coroutine/1141_concurrent_producer_consumer.xr	194	207	12	Recv	Value	pattern-direct	ACCEPT	stdlib/types/channel.xr	4	Recv	builtin-symbol	reviewed	payload declaration stdlib/types/channel.xr:4	ea84b14783bc1ac962f54996bf3f7346313a485ab793934d78768375060b5234
0f5b4f634bfefb7ad3e8e1494ce2995ae52df976	tests/regression/11_coroutine/1142_shared_move.xr	306	319	14	Recv	Value	pattern-direct	ACCEPT	stdlib/types/channel.xr	4	Recv	builtin-symbol	reviewed	payload declaration stdlib/types/channel.xr:4	78804a8dd69390e491f49c05a5b08e146f6fda37898bced2f45d6719896a1289
0f5b4f634bfefb7ad3e8e1494ce2995ae52df976	tests/regression/11_coroutine/1142_shared_move.xr	613	626	29	Recv	Value	pattern-direct	ACCEPT	stdlib/types/channel.xr	4	Recv	builtin-symbol	reviewed	payload declaration stdlib/types/channel.xr:4	78804a8dd69390e491f49c05a5b08e146f6fda37898bced2f45d6719896a1289
0f5b4f634bfefb7ad3e8e1494ce2995ae52df976	tests/regression/11_coroutine/1143_syscall_handoff.xr	381	394	15	Recv	Value	pattern-direct	ACCEPT	stdlib/types/channel.xr	4	Recv	builtin-symbol	reviewed	payload declaration stdlib/types/channel.xr:4	78804a8dd69390e491f49c05a5b08e146f6fda37898bced2f45d6719896a1289
0f5b4f634bfefb7ad3e8e1494ce2995ae52df976	tests/regression/11_coroutine/1143_syscall_handoff.xr	1461	1501	65	HandoffErr	Failed	constructor	ACCEPT	tests/regression/11_coroutine/1143_syscall_handoff.xr	11	HandoffErr	same-module	reviewed	payload declaration tests/regression/11_coroutine/1143_syscall_handoff.xr:11	f870b108cffbde9f7d4230ac771061e304c78e4ee7e1eab0928b610f07abaaf5
0f5b4f634bfefb7ad3e8e1494ce2995ae52df976	tests/regression/11_coroutine/1144_coro_monitor.xr	1080	1093	46	Recv	Value	pattern-direct	ACCEPT	stdlib/types/channel.xr	4	Recv	builtin-symbol	reviewed	payload declaration stdlib/types/channel.xr:4	78804a8dd69390e491f49c05a5b08e146f6fda37898bced2f45d6719896a1289
0f5b4f634bfefb7ad3e8e1494ce2995ae52df976	tests/regression/11_coroutine/1144_coro_monitor.xr	1321	1334	54	Recv	Value	pattern-direct	ACCEPT	stdlib/types/channel.xr	4	Recv	builtin-symbol	reviewed	payload declaration stdlib/types/channel.xr:4	78804a8dd69390e491f49c05a5b08e146f6fda37898bced2f45d6719896a1289
0f5b4f634bfefb7ad3e8e1494ce2995ae52df976	tests/regression/11_coroutine/1144_coro_monitor.xr	1719	1732	69	Recv	Value	pattern-direct	ACCEPT	stdlib/types/channel.xr	4	Recv	builtin-symbol	reviewed	payload declaration stdlib/types/channel.xr:4	78804a8dd69390e491f49c05a5b08e146f6fda37898bced2f45d6719896a1289
0f5b4f634bfefb7ad3e8e1494ce2995ae52df976	tests/regression/11_coroutine/1145_coro_error_patterns.xr	1607	1627	39	TaskResult	Failed	pattern-direct	ACCEPT	stdlib/types/coroutine.xr	5	TaskResult	builtin-symbol	reviewed	payload declaration stdlib/types/coroutine.xr:5	cc2bbdfc43962594a57c097ed8ac0a32344c02ab7b2c9de6245f7c292367e354
0f5b4f634bfefb7ad3e8e1494ce2995ae52df976	tests/regression/11_coroutine/1145_coro_error_patterns.xr	1811	1832	47	TaskResult	Success	pattern-direct	ACCEPT	stdlib/types/coroutine.xr	4	TaskResult	builtin-symbol	reviewed	payload declaration stdlib/types/coroutine.xr:4	4ac84991b6cf36c7c81cd63374510d830d44c9c35a71808335fe33876de5f579
0f5b4f634bfefb7ad3e8e1494ce2995ae52df976	tests/regression/11_coroutine/1145_coro_error_patterns.xr	1931	1966	53	CoroErr	Msg	constructor	ACCEPT	tests/regression/11_coroutine/1145_coro_error_patterns.xr	29	CoroErr	same-module	reviewed	payload declaration tests/regression/11_coroutine/1145_coro_error_patterns.xr:29	0223173499e0a00e1d6e9c83a346b9f28aed24b4c6885ffb710f56d9e6905701
0f5b4f634bfefb7ad3e8e1494ce2995ae52df976	tests/regression/11_coroutine/1145_coro_error_patterns.xr	2027	2047	57	TaskResult	Failed	pattern-direct	ACCEPT	stdlib/types/coroutine.xr	5	TaskResult	builtin-symbol	reviewed	payload declaration stdlib/types/coroutine.xr:5	593d8beaaf154feab828339bb87134ac4979cf8fd9a1f30e30a92b7a269c85e7
0f5b4f634bfefb7ad3e8e1494ce2995ae52df976	tests/regression/11_coroutine/1145_coro_error_patterns.xr	2422	2456	72	CoroErr	Msg	constructor	ACCEPT	tests/regression/11_coroutine/1145_coro_error_patterns.xr	29	CoroErr	same-module	reviewed	payload declaration tests/regression/11_coroutine/1145_coro_error_patterns.xr:29	1c7b075a73266c7ea31a21ee662aad665d18c18ced429e7cb8f157eafed8c42e
0f5b4f634bfefb7ad3e8e1494ce2995ae52df976	tests/regression/11_coroutine/1145_coro_error_patterns.xr	2578	2598	80	TaskResult	Failed	pattern-direct	ACCEPT	stdlib/types/coroutine.xr	5	TaskResult	builtin-symbol	reviewed	payload declaration stdlib/types/coroutine.xr:5	593d8beaaf154feab828339bb87134ac4979cf8fd9a1f30e30a92b7a269c85e7
0f5b4f634bfefb7ad3e8e1494ce2995ae52df976	tests/regression/11_coroutine/1145_coro_error_patterns.xr	2635	2656	81	TaskResult	Success	pattern-direct	ACCEPT	stdlib/types/coroutine.xr	4	TaskResult	builtin-symbol	reviewed	payload declaration stdlib/types/coroutine.xr:4	4ac84991b6cf36c7c81cd63374510d830d44c9c35a71808335fe33876de5f579
0f5b4f634bfefb7ad3e8e1494ce2995ae52df976	tests/regression/11_coroutine/1145_coro_error_patterns.xr	2871	2892	88	CoroErr	Msg	constructor	ACCEPT	tests/regression/11_coroutine/1145_coro_error_patterns.xr	29	CoroErr	same-module	reviewed	payload declaration tests/regression/11_coroutine/1145_coro_error_patterns.xr:29	6e97b72ce2a5071de9b8b4f3b76ceb4f8c213840682d7679e57e1a06c3b3145e
0f5b4f634bfefb7ad3e8e1494ce2995ae52df976	tests/regression/11_coroutine/1145_coro_error_patterns.xr	3065	3086	95	TaskResult	Success	pattern-direct	ACCEPT	stdlib/types/coroutine.xr	4	TaskResult	builtin-symbol	reviewed	payload declaration stdlib/types/coroutine.xr:4	4ac84991b6cf36c7c81cd63374510d830d44c9c35a71808335fe33876de5f579
0f5b4f634bfefb7ad3e8e1494ce2995ae52df976	tests/regression/11_coroutine/1145_coro_error_patterns.xr	3144	3164	96	TaskResult	Failed	pattern-direct	ACCEPT	stdlib/types/coroutine.xr	5	TaskResult	builtin-symbol	reviewed	payload declaration stdlib/types/coroutine.xr:5	593d8beaaf154feab828339bb87134ac4979cf8fd9a1f30e30a92b7a269c85e7
0f5b4f634bfefb7ad3e8e1494ce2995ae52df976	tests/regression/11_coroutine/1145_coro_error_patterns.xr	3612	3641	112	CoroErr	Msg	constructor	ACCEPT	tests/regression/11_coroutine/1145_coro_error_patterns.xr	29	CoroErr	same-module	reviewed	payload declaration tests/regression/11_coroutine/1145_coro_error_patterns.xr:29	afbf9026bbb8079022bc9408001758b37621df7c078cc65a5c4887d6937dc787
0f5b4f634bfefb7ad3e8e1494ce2995ae52df976	tests/regression/11_coroutine/1145_coro_error_patterns.xr	3738	3751	117	Recv	Value	pattern-direct	ACCEPT	stdlib/types/channel.xr	4	Recv	builtin-symbol	reviewed	payload declaration stdlib/types/channel.xr:4	78804a8dd69390e491f49c05a5b08e146f6fda37898bced2f45d6719896a1289
0f5b4f634bfefb7ad3e8e1494ce2995ae52df976	tests/regression/11_coroutine/1147_preempt_test.xr	192	205	12	Recv	Value	pattern-direct	ACCEPT	stdlib/types/channel.xr	4	Recv	builtin-symbol	reviewed	payload declaration stdlib/types/channel.xr:4	78804a8dd69390e491f49c05a5b08e146f6fda37898bced2f45d6719896a1289
0f5b4f634bfefb7ad3e8e1494ce2995ae52df976	tests/regression/11_coroutine/1148_scope_race_stress.xr	474	506	18	RaceErr	Msg	constructor	ACCEPT	tests/regression/11_coroutine/1148_scope_race_stress.xr	7	RaceErr	same-module	reviewed	payload declaration tests/regression/11_coroutine/1148_scope_race_stress.xr:7	aa2802c750865ed1c4078adca1fe23052151839eb55834a6d0c9f9072ba344a3
0f5b4f634bfefb7ad3e8e1494ce2995ae52df976	tests/regression/11_coroutine/1148_scope_race_stress.xr	681	713	28	RaceErr	Msg	constructor	ACCEPT	tests/regression/11_coroutine/1148_scope_race_stress.xr	7	RaceErr	same-module	reviewed	payload declaration tests/regression/11_coroutine/1148_scope_race_stress.xr:7	aa2802c750865ed1c4078adca1fe23052151839eb55834a6d0c9f9072ba344a3
0f5b4f634bfefb7ad3e8e1494ce2995ae52df976	tests/regression/11_coroutine/1148_scope_race_stress.xr	1075	1088	45	Recv	Value	pattern-direct	ACCEPT	stdlib/types/channel.xr	4	Recv	builtin-symbol	reviewed	payload declaration stdlib/types/channel.xr:4	78804a8dd69390e491f49c05a5b08e146f6fda37898bced2f45d6719896a1289
0f5b4f634bfefb7ad3e8e1494ce2995ae52df976	tests/regression/11_coroutine/1154_dynamic_channel_capacity.xr	184	197	10	Recv	Value	pattern-direct	ACCEPT	stdlib/types/channel.xr	4	Recv	builtin-symbol	reviewed	payload declaration stdlib/types/channel.xr:4	78804a8dd69390e491f49c05a5b08e146f6fda37898bced2f45d6719896a1289
0f5b4f634bfefb7ad3e8e1494ce2995ae52df976	tests/regression/11_coroutine/1154_dynamic_channel_capacity.xr	294	307	17	Recv	Value	pattern-direct	ACCEPT	stdlib/types/channel.xr	4	Recv	builtin-symbol	reviewed	payload declaration stdlib/types/channel.xr:4	ea84b14783bc1ac962f54996bf3f7346313a485ab793934d78768375060b5234
0f5b4f634bfefb7ad3e8e1494ce2995ae52df976	tests/regression/11_coroutine/1155_channel_close_timeout_fanout.xr	173	190	4	Recv	Value	pattern-direct	ACCEPT	stdlib/types/channel.xr	4	Recv	builtin-symbol	reviewed	payload declaration stdlib/types/channel.xr:4	1ef8f9d0be069ca601cdd76ca1aff8602e8f2c0020bb19ec7368ef92f43967ee
0f5b4f634bfefb7ad3e8e1494ce2995ae52df976	tests/regression/11_coroutine/1155_channel_close_timeout_fanout.xr	325	338	11	Recv	Value	pattern-direct	ACCEPT	stdlib/types/channel.xr	4	Recv	builtin-symbol	reviewed	payload declaration stdlib/types/channel.xr:4	78804a8dd69390e491f49c05a5b08e146f6fda37898bced2f45d6719896a1289
0f5b4f634bfefb7ad3e8e1494ce2995ae52df976	tests/regression/11_coroutine/1156_select_close_wake.xr	243	256	11	Recv	Value	pattern-direct	ACCEPT	stdlib/types/channel.xr	4	Recv	builtin-symbol	reviewed	payload declaration stdlib/types/channel.xr:4	78804a8dd69390e491f49c05a5b08e146f6fda37898bced2f45d6719896a1289
0f5b4f634bfefb7ad3e8e1494ce2995ae52df976	tests/regression/11_coroutine/1156_select_close_wake.xr	669	682	32	Recv	Value	pattern-direct	ACCEPT	stdlib/types/channel.xr	4	Recv	builtin-symbol	reviewed	payload declaration stdlib/types/channel.xr:4	ea84b14783bc1ac962f54996bf3f7346313a485ab793934d78768375060b5234
0f5b4f634bfefb7ad3e8e1494ce2995ae52df976	tests/regression/11_coroutine/1156_select_close_wake.xr	757	770	36	Recv	Value	pattern-direct	ACCEPT	stdlib/types/channel.xr	4	Recv	builtin-symbol	reviewed	payload declaration stdlib/types/channel.xr:4	78804a8dd69390e491f49c05a5b08e146f6fda37898bced2f45d6719896a1289
0f5b4f634bfefb7ad3e8e1494ce2995ae52df976	tests/regression/11_coroutine/1157_work_queue_generic_class.xr	738	754	26	Recv	Value	pattern-direct	ACCEPT	stdlib/types/channel.xr	4	Recv	builtin-symbol	reviewed	payload declaration stdlib/types/channel.xr:4	dc6e8551bb2977f4f380a675e9bdc8737c6c8e352788a4097a7c6a3615b4a915
0f5b4f634bfefb7ad3e8e1494ce2995ae52df976	tests/regression/11_coroutine/1161_multiple_task_awaiters.xr	360	373	18	Recv	Value	pattern-direct	ACCEPT	stdlib/types/channel.xr	4	Recv	builtin-symbol	reviewed	payload declaration stdlib/types/channel.xr:4	78804a8dd69390e491f49c05a5b08e146f6fda37898bced2f45d6719896a1289
0f5b4f634bfefb7ad3e8e1494ce2995ae52df976	tests/regression/11_coroutine/1162_overlapping_await_any_waiters.xr	404	417	18	Recv	Value	pattern-direct	ACCEPT	stdlib/types/channel.xr	4	Recv	builtin-symbol	reviewed	payload declaration stdlib/types/channel.xr:4	78804a8dd69390e491f49c05a5b08e146f6fda37898bced2f45d6719896a1289
0f5b4f634bfefb7ad3e8e1494ce2995ae52df976	tests/regression/11_coroutine/1163_channel_send_opcode_preserves_receiver.xr	338	351	8	Recv	Value	pattern-direct	ACCEPT	stdlib/types/channel.xr	4	Recv	builtin-symbol	reviewed	payload declaration stdlib/types/channel.xr:4	78804a8dd69390e491f49c05a5b08e146f6fda37898bced2f45d6719896a1289
0f5b4f634bfefb7ad3e8e1494ce2995ae52df976	tests/regression/11_coroutine/1164_channel_recv_raw_match_nullable_payload.xr	339	352	12	Recv	Value	pattern-direct	ACCEPT	stdlib/types/channel.xr	4	Recv	builtin-symbol	reviewed	payload declaration stdlib/types/channel.xr:4	78804a8dd69390e491f49c05a5b08e146f6fda37898bced2f45d6719896a1289
0f5b4f634bfefb7ad3e8e1494ce2995ae52df976	tests/regression/11_coroutine/1164_channel_recv_raw_match_nullable_payload.xr	448	461	18	Recv	Value	pattern-direct	ACCEPT	stdlib/types/channel.xr	4	Recv	builtin-symbol	reviewed	payload declaration stdlib/types/channel.xr:4	78804a8dd69390e491f49c05a5b08e146f6fda37898bced2f45d6719896a1289
0f5b4f634bfefb7ad3e8e1494ce2995ae52df976	tests/regression/11_coroutine/1164_channel_recv_raw_match_nullable_payload.xr	576	589	25	Recv	Value	pattern-direct	ACCEPT	stdlib/types/channel.xr	4	Recv	builtin-symbol	reviewed	payload declaration stdlib/types/channel.xr:4	ea84b14783bc1ac962f54996bf3f7346313a485ab793934d78768375060b5234
0f5b4f634bfefb7ad3e8e1494ce2995ae52df976	tests/regression/11_coroutine/1166_channel_map_deep_copy_stress.xr	454	467	22	Recv	Value	pattern-direct	ACCEPT	stdlib/types/channel.xr	4	Recv	builtin-symbol	reviewed	payload declaration stdlib/types/channel.xr:4	b68b2526923c650ad736be9e9dcde8b8fc2942d2e9cd5255e969181035646124
0f5b4f634bfefb7ad3e8e1494ce2995ae52df976	tests/regression/11_coroutine/1166_channel_map_deep_copy_stress.xr	574	587	29	Recv	Value	pattern-direct	ACCEPT	stdlib/types/channel.xr	4	Recv	builtin-symbol	reviewed	payload declaration stdlib/types/channel.xr:4	78804a8dd69390e491f49c05a5b08e146f6fda37898bced2f45d6719896a1289
0f5b4f634bfefb7ad3e8e1494ce2995ae52df976	tests/regression/11_coroutine/1167_channel_explicit_transfer.xr	210	223	10	Recv	Value	pattern-direct	ACCEPT	stdlib/types/channel.xr	4	Recv	builtin-symbol	reviewed	payload declaration stdlib/types/channel.xr:4	78804a8dd69390e491f49c05a5b08e146f6fda37898bced2f45d6719896a1289
0f5b4f634bfefb7ad3e8e1494ce2995ae52df976	tests/regression/11_coroutine/1168_lazy_string_boundary.xr	149	162	7	Recv	Value	pattern-direct	ACCEPT	stdlib/types/channel.xr	4	Recv	builtin-symbol	reviewed	payload declaration stdlib/types/channel.xr:4	78804a8dd69390e491f49c05a5b08e146f6fda37898bced2f45d6719896a1289
0f5b4f634bfefb7ad3e8e1494ce2995ae52df976	tests/regression/11_coroutine/1172_enum_descriptor_erased_transfer.xr	298	315	15	Recv	Value	pattern-direct	ACCEPT	stdlib/types/channel.xr	4	Recv	builtin-symbol	reviewed	payload declaration stdlib/types/channel.xr:4	1ef8f9d0be069ca601cdd76ca1aff8602e8f2c0020bb19ec7368ef92f43967ee
0f5b4f634bfefb7ad3e8e1494ce2995ae52df976	tests/regression/11_coroutine/1174_channel_tuple_buffer_transfer.xr	534	565	21	Recv	Value	pattern-direct	ACCEPT	stdlib/types/channel.xr	4	Recv	builtin-symbol	reviewed	payload declaration stdlib/types/channel.xr:4	ebbf9f08f1d27b0b7d7923f63d0ed8e3a32747b22e5093611d8e056e67c7d0b2
0f5b4f634bfefb7ad3e8e1494ce2995ae52df976	tests/regression/11_coroutine/1175_channel_tuple_scalar_transfer.xr	421	455	14	Recv	Value	pattern-direct	ACCEPT	stdlib/types/channel.xr	4	Recv	builtin-symbol	reviewed	payload declaration stdlib/types/channel.xr:4	38ad85b57719c99211857fd4a6101898eb08e5eee2215296c32b4fc2a1b15260
0f5b4f634bfefb7ad3e8e1494ce2995ae52df976	tests/regression/11_coroutine/1176_suspend_try_continuations.xr	736	753	41	Recv	Value	pattern-direct	ACCEPT	stdlib/types/channel.xr	4	Recv	builtin-symbol	reviewed	payload declaration stdlib/types/channel.xr:4	1ef8f9d0be069ca601cdd76ca1aff8602e8f2c0020bb19ec7368ef92f43967ee
0f5b4f634bfefb7ad3e8e1494ce2995ae52df976	tests/regression/11_coroutine/1176_suspend_try_continuations.xr	1209	1226	59	Recv	Value	pattern-direct	ACCEPT	stdlib/types/channel.xr	4	Recv	builtin-symbol	reviewed	payload declaration stdlib/types/channel.xr:4	1ef8f9d0be069ca601cdd76ca1aff8602e8f2c0020bb19ec7368ef92f43967ee
0f5b4f634bfefb7ad3e8e1494ce2995ae52df976	tests/regression/11_coroutine/1176_suspend_try_continuations.xr	1429	1454	65	TaskResult	Success	pattern-direct	ACCEPT	stdlib/types/coroutine.xr	4	TaskResult	builtin-symbol	reviewed	payload declaration stdlib/types/coroutine.xr:4	81c43206cc8b2bb814da492e9ff62b7f18825eac2b17a9634fee370967f10273
0f5b4f634bfefb7ad3e8e1494ce2995ae52df976	tests/regression/12_type_checking/1202_generic_inference.xr	138	151	6	Recv	Value	pattern-direct	ACCEPT	stdlib/types/channel.xr	4	Recv	builtin-symbol	reviewed	payload declaration stdlib/types/channel.xr:4	78804a8dd69390e491f49c05a5b08e146f6fda37898bced2f45d6719896a1289
0f5b4f634bfefb7ad3e8e1494ce2995ae52df976	tests/regression/12_type_checking/1223_generic_channel.xr	287	300	14	Recv	Value	pattern-direct	ACCEPT	stdlib/types/channel.xr	4	Recv	builtin-symbol	reviewed	payload declaration stdlib/types/channel.xr:4	78804a8dd69390e491f49c05a5b08e146f6fda37898bced2f45d6719896a1289
0f5b4f634bfefb7ad3e8e1494ce2995ae52df976	tests/regression/12_type_checking/1223_generic_channel.xr	418	431	21	Recv	Value	pattern-direct	ACCEPT	stdlib/types/channel.xr	4	Recv	builtin-symbol	reviewed	payload declaration stdlib/types/channel.xr:4	78804a8dd69390e491f49c05a5b08e146f6fda37898bced2f45d6719896a1289
0f5b4f634bfefb7ad3e8e1494ce2995ae52df976	tests/regression/12_type_checking/1223_generic_channel.xr	556	569	28	Recv	Value	pattern-direct	ACCEPT	stdlib/types/channel.xr	4	Recv	builtin-symbol	reviewed	payload declaration stdlib/types/channel.xr:4	78804a8dd69390e491f49c05a5b08e146f6fda37898bced2f45d6719896a1289
0f5b4f634bfefb7ad3e8e1494ce2995ae52df976	tests/regression/12_type_checking/1223_generic_channel.xr	684	697	35	Recv	Value	pattern-direct	ACCEPT	stdlib/types/channel.xr	4	Recv	builtin-symbol	reviewed	payload declaration stdlib/types/channel.xr:4	78804a8dd69390e491f49c05a5b08e146f6fda37898bced2f45d6719896a1289
0f5b4f634bfefb7ad3e8e1494ce2995ae52df976	tests/regression/12_type_checking/1223_generic_channel.xr	1654	1667	71	Recv	Value	pattern-direct	ACCEPT	stdlib/types/channel.xr	4	Recv	builtin-symbol	reviewed	payload declaration stdlib/types/channel.xr:4	ea84b14783bc1ac962f54996bf3f7346313a485ab793934d78768375060b5234
0f5b4f634bfefb7ad3e8e1494ce2995ae52df976	tests/regression/12_type_checking/1223_generic_channel.xr	1820	1833	79	Recv	Value	pattern-direct	ACCEPT	stdlib/types/channel.xr	4	Recv	builtin-symbol	reviewed	payload declaration stdlib/types/channel.xr:4	ea84b14783bc1ac962f54996bf3f7346313a485ab793934d78768375060b5234
0f5b4f634bfefb7ad3e8e1494ce2995ae52df976	tests/regression/12_type_checking/1223_generic_channel.xr	1903	1916	83	Recv	Value	pattern-direct	ACCEPT	stdlib/types/channel.xr	4	Recv	builtin-symbol	reviewed	payload declaration stdlib/types/channel.xr:4	78804a8dd69390e491f49c05a5b08e146f6fda37898bced2f45d6719896a1289
0f5b4f634bfefb7ad3e8e1494ce2995ae52df976	tests/regression/13_types/1370_tuple_generic_args.xr	341	354	11	Recv	Value	pattern-direct	ACCEPT	stdlib/types/channel.xr	4	Recv	builtin-symbol	reviewed	payload declaration stdlib/types/channel.xr:4	78804a8dd69390e491f49c05a5b08e146f6fda37898bced2f45d6719896a1289
0f5b4f634bfefb7ad3e8e1494ce2995ae52df976	tests/regression/13_types/1370_tuple_generic_args.xr	428	441	15	Recv	Value	pattern-direct	ACCEPT	stdlib/types/channel.xr	4	Recv	builtin-symbol	reviewed	payload declaration stdlib/types/channel.xr:4	78804a8dd69390e491f49c05a5b08e146f6fda37898bced2f45d6719896a1289
0f5b4f634bfefb7ad3e8e1494ce2995ae52df976	tests/regression/dap/fixtures/exception.xr	94	119	6	DapErr	Test	constructor	ACCEPT	tests/regression/dap/fixtures/exception.xr	3	DapErr	same-module	reviewed	payload declaration tests/regression/dap/fixtures/exception.xr:3	c79e1474ab91147dd6b3638aad87ccbd57394b07a112782159715b1d2e8886a1
0f5b4f634bfefb7ad3e8e1494ce2995ae52df976	tests/target-machine/phase0/typed_slot_calibration/mailbox.xr	152	169	4	Recv	Value	pattern-direct	ACCEPT	stdlib/types/channel.xr	4	Recv	builtin-symbol	reviewed	payload declaration stdlib/types/channel.xr:4	1ef8f9d0be069ca601cdd76ca1aff8602e8f2c0020bb19ec7368ef92f43967ee
0f5b4f634bfefb7ad3e8e1494ce2995ae52df976	tests/unit/fixtures/assertion/deep_equality_vm.xr	328	343	23	Choice	Value	constructor	ACCEPT	tests/unit/fixtures/assertion/deep_equality_vm.xr	2	Choice	same-module	reviewed	payload declaration tests/unit/fixtures/assertion/deep_equality_vm.xr:2	adeca105920e2064c340fdbaa4f1817185ef20bcb054dc4e5ee68f2a431a5ff1
0f5b4f634bfefb7ad3e8e1494ce2995ae52df976	tests/unit/fixtures/assertion/deep_equality_vm.xr	345	360	23	Choice	Value	constructor	ACCEPT	tests/unit/fixtures/assertion/deep_equality_vm.xr	2	Choice	same-module	reviewed	payload declaration tests/unit/fixtures/assertion/deep_equality_vm.xr:2	adeca105920e2064c340fdbaa4f1817185ef20bcb054dc4e5ee68f2a431a5ff1
0f5b4f634bfefb7ad3e8e1494ce2995ae52df976	tests/unit/fixtures/assertion/deep_equality_vm.xr	395	410	24	Choice	Value	constructor	ACCEPT	tests/unit/fixtures/assertion/deep_equality_vm.xr	2	Choice	same-module	reviewed	payload declaration tests/unit/fixtures/assertion/deep_equality_vm.xr:2	adeca105920e2064c340fdbaa4f1817185ef20bcb054dc4e5ee68f2a431a5ff1
0f5b4f634bfefb7ad3e8e1494ce2995ae52df976	tests/unit/fixtures/assertion/deep_equality_vm.xr	412	427	24	Choice	Value	constructor	ACCEPT	tests/unit/fixtures/assertion/deep_equality_vm.xr	2	Choice	same-module	reviewed	payload declaration tests/unit/fixtures/assertion/deep_equality_vm.xr:2	ad284d8c921bfc47751ad80a0444089982a1683c3705862cb8eaa8e9bd28b7d3
0f5b4f634bfefb7ad3e8e1494ce2995ae52df976	tests/unit/fixtures/assertion/deep_equality_vm.xr	465	480	25	Choice	Value	constructor	ACCEPT	tests/unit/fixtures/assertion/deep_equality_vm.xr	2	Choice	same-module	reviewed	payload declaration tests/unit/fixtures/assertion/deep_equality_vm.xr:2	adeca105920e2064c340fdbaa4f1817185ef20bcb054dc4e5ee68f2a431a5ff1
0f5b4f634bfefb7ad3e8e1494ce2995ae52df976	tests/vm/bytecode_build_multimodule.xr	564	581	18	Recv	Value	pattern-direct	ACCEPT	stdlib/types/channel.xr	4	Recv	builtin-symbol	reviewed	payload declaration stdlib/types/channel.xr:4	1ef8f9d0be069ca601cdd76ca1aff8602e8f2c0020bb19ec7368ef92f43967ee
0f5b4f634bfefb7ad3e8e1494ce2995ae52df976	tests/vm/bytecode_build_scheduler.xr	209	245	10	Recv	Value	pattern-direct	ACCEPT	stdlib/types/channel.xr	4	Recv	builtin-symbol	reviewed	payload declaration stdlib/types/channel.xr:4	5a76f90a75b1fb1f6181aa91b6a3cedb6a5879eff0ad1fc651542ffc94387619
0f5b4f634bfefb7ad3e8e1494ce2995ae52df976	tests/vm/bytecode_build_scheduler.xr	694	730	30	Recv	Value	pattern-direct	ACCEPT	stdlib/types/channel.xr	4	Recv	builtin-symbol	reviewed	payload declaration stdlib/types/channel.xr:4	5a76f90a75b1fb1f6181aa91b6a3cedb6a5879eff0ad1fc651542ffc94387619
0f5b4f634bfefb7ad3e8e1494ce2995ae52df976	tests/vm/bytecode_build_scheduler.xr	1357	1395	54	Recv	Value	pattern-guard	ACCEPT	stdlib/types/channel.xr	4	Recv	builtin-symbol	reviewed	payload declaration stdlib/types/channel.xr:4	ff96cf70a368ff5582bab06a78f76ba1e80886223e0413fc728e1640082ada44
0f5b4f634bfefb7ad3e8e1494ce2995ae52df976	tests/vm/bytecode_build_scheduler.xr	2205	2231	81	Recv	Value	pattern-direct	ACCEPT	stdlib/types/channel.xr	4	Recv	builtin-symbol	reviewed	payload declaration stdlib/types/channel.xr:4	3964cd5823d5f3a1162d9ec0d3513eac53b914ec864524e49c2e061ddd45f7c8
0f5b4f634bfefb7ad3e8e1494ce2995ae52df976	tests/vm/sys_process_lifecycle_control_flow_ok.xr	272	298	14	ProcessLintErr	Msg	constructor	ACCEPT	tests/vm/sys_process_lifecycle_control_flow_ok.xr	4	ProcessLintErr	same-module	reviewed	payload declaration tests/vm/sys_process_lifecycle_control_flow_ok.xr:4	5fc23b21320eb83c90cc8fed0011aa705c57a0b616a25553dce9ac936a70347f
0f5b4f634bfefb7ad3e8e1494ce2995ae52df976	tests/vm/sys_thread_try_catch_both_close.xr	214	239	13	ThreadLintErr	Msg	constructor	ACCEPT	tests/vm/sys_thread_try_catch_both_close.xr	4	ThreadLintErr	same-module	reviewed	payload declaration tests/vm/sys_thread_try_catch_both_close.xr:4	c46f32b2438513066e7c0e817246a61eb7acf03fef4d92d8f6c0998193cf42b5
0f5b4f634bfefb7ad3e8e1494ce2995ae52df976	tests/work_stealing/01_basic_stealing.xr	1307	1333	57	WsErr	Failed	constructor	ACCEPT	tests/work_stealing/01_basic_stealing.xr	10	WsErr	same-module	reviewed	payload declaration tests/work_stealing/01_basic_stealing.xr:10	b7d7042c2008d5ec348b3696c0550099b5966be377ac796abe5a31d66600b805
0f5b4f634bfefb7ad3e8e1494ce2995ae52df976	tests/work_stealing/01_basic_stealing.xr	1400	1424	62	WsErr	Failed	constructor	ACCEPT	tests/work_stealing/01_basic_stealing.xr	10	WsErr	same-module	reviewed	payload declaration tests/work_stealing/01_basic_stealing.xr:10	a2f74e45a0d3a396a2da80f101f385658cbc04a4eb9b71097ee9e6d56fbc4afe
0f5b4f634bfefb7ad3e8e1494ce2995ae52df976	tests/work_stealing/02_fairness_test.xr	2028	2050	91	WsErr	Failed	constructor	ACCEPT	tests/work_stealing/02_fairness_test.xr	10	WsErr	same-module	reviewed	payload declaration tests/work_stealing/02_fairness_test.xr:10	ced113f5115ead1a69a521b8f8725ab2e194b5555041a21f45f14afc74eef9e0
0f5b4f634bfefb7ad3e8e1494ce2995ae52df976	tests/work_stealing/03_burst_workload.xr	1456	1480	58	WsErr	Failed	constructor	ACCEPT	tests/work_stealing/03_burst_workload.xr	10	WsErr	same-module	reviewed	payload declaration tests/work_stealing/03_burst_workload.xr:10	f6bd6b2de90a47582c9c6eed18a1eca14c67a94e70d3b51ae7de009531ac6b2a
0f5b4f634bfefb7ad3e8e1494ce2995ae52df976	tests/work_stealing/04_mixed_workload.xr	1771	1795	78	WsErr	Failed	constructor	ACCEPT	tests/work_stealing/04_mixed_workload.xr	10	WsErr	same-module	reviewed	payload declaration tests/work_stealing/04_mixed_workload.xr:10	e92b732c9a9aa9e461882924589a21e7246605edce9c629ec26e25957eeca87b
0f5b4f634bfefb7ad3e8e1494ce2995ae52df976	tests/work_stealing/06_chain_spawn.xr	1890	1914	73	WsErr	Failed	constructor	ACCEPT	tests/work_stealing/06_chain_spawn.xr	10	WsErr	same-module	reviewed	payload declaration tests/work_stealing/06_chain_spawn.xr:10	03757bb3a8a0707ab19cde4c0a706559a7d4707d4d35def88dbcbe605fb1d71d
0f5b4f634bfefb7ad3e8e1494ce2995ae52df976	tests/work_stealing/07_producer_consumer.xr	402	415	19	Recv	Value	pattern-direct	ACCEPT	stdlib/types/channel.xr	4	Recv	builtin-symbol	reviewed	payload declaration stdlib/types/channel.xr:4	78804a8dd69390e491f49c05a5b08e146f6fda37898bced2f45d6719896a1289
0f5b4f634bfefb7ad3e8e1494ce2995ae52df976	tests/work_stealing/08_benchmark.xr	220	233	13	Recv	Value	pattern-direct	ACCEPT	stdlib/types/channel.xr	4	Recv	builtin-symbol	reviewed	payload declaration stdlib/types/channel.xr:4	78804a8dd69390e491f49c05a5b08e146f6fda37898bced2f45d6719896a1289
